UserID,Stage,Date
H3273,Symptom Checker_Health Search,01-07-2025
H3068,Symptom Checker_Health Search,01-07-2025
H3115,Symptom Checker_Health Search,01-07-2025
H3256,Symptom Checker_Health Search,01-07-2025
H3074,Symptom Checker_Health Search,01-07-2025
H3184,Symptom Checker_Health Search,01-07-2025
H3207,Symptom Checker_Health Search,01-07-2025
H3103,Symptom Checker_Health Search,01-07-2025
H3241,Symptom Checker_Health Search,01-07-2025
H3072,Symptom Checker_Health Search,01-07-2025
H3149,Symptom Checker_Health Search,01-07-2025
H3055,Symptom Checker_Health Search,01-07-2025
H3157,Symptom Checker_Health Search,01-07-2025
H3015,Symptom Checker_Health Search,01-07-2025
H3150,Symptom Checker_Health Search,01-07-2025
H3287,Symptom Checker_Health Search,01-07-2025
H3203,Symptom Checker_Health Search,01-07-2025
H3119,Symptom Checker_Health Search,01-07-2025
H3041,Symptom Checker_Health Search,01-07-2025
H3045,Symptom Checker_Health Search,01-07-2025
H3038,Symptom Checker_Health Search,01-07-2025
H3065,Symptom Checker_Health Search,01-07-2025
H3163,Symptom Checker_Health Search,01-07-2025
H3221,Symptom Checker_Health Search,01-07-2025
H3029,Symptom Checker_Health Search,01-07-2025
H3078,Symptom Checker_Health Search,01-07-2025
H3030,Symptom Checker_Health Search,01-07-2025
H3082,Symptom Checker_Health Search,01-07-2025
H3298,Symptom Checker_Health Search,01-07-2025
H3069,Symptom Checker_Health Search,01-07-2025
H3147,Symptom Checker_Health Search,01-07-2025
H3236,Symptom Checker_Health Search,01-07-2025
H3261,Symptom Checker_Health Search,01-07-2025
H3067,Symptom Checker_Health Search,01-07-2025
H3160,Symptom Checker_Health Search,01-07-2025
H3220,Symptom Checker_Health Search,01-07-2025
H3128,Symptom Checker_Health Search,01-07-2025
H3251,Symptom Checker_Health Search,01-07-2025
H3190,Symptom Checker_Health Search,01-07-2025
H3189,Symptom Checker_Health Search,01-07-2025
H3170,Symptom Checker_Health Search,01-07-2025
H3223,Symptom Checker_Health Search,01-07-2025
H3191,Symptom Checker_Health Search,01-07-2025
H3003,Symptom Checker_Health Search,01-07-2025
H3035,Symptom Checker_Health Search,01-07-2025
H3105,Symptom Checker_Health Search,01-07-2025
H3121,Symptom Checker_Health Search,01-07-2025
H3102,Symptom Checker_Health Search,01-07-2025
H3110,Symptom Checker_Health Search,01-07-2025
H3076,Symptom Checker_Health Search,01-07-2025
H3173,Symptom Checker_Health Search,01-07-2025
H3059,Symptom Checker_Health Search,01-07-2025
H3011,Symptom Checker_Health Search,01-07-2025
H3064,Symptom Checker_Health Search,01-07-2025
H3269,Symptom Checker_Health Search,01-07-2025
H3133,Symptom Checker_Health Search,01-07-2025
H3142,Symptom Checker_Health Search,01-07-2025
H3292,Symptom Checker_Health Search,01-07-2025
H3179,Symptom Checker_Health Search,01-07-2025
H3093,Symptom Checker_Health Search,01-07-2025
H3017,Symptom Checker_Health Search,01-07-2025
H3094,Symptom Checker_Health Search,01-07-2025
H3165,Symptom Checker_Health Search,01-07-2025
H3265,Symptom Checker_Health Search,01-07-2025
H3136,Symptom Checker_Health Search,01-07-2025
H3264,Symptom Checker_Health Search,01-07-2025
H3047,Symptom Checker_Health Search,01-07-2025
H3010,Symptom Checker_Health Search,01-07-2025
H3141,Symptom Checker_Health Search,01-07-2025
H3159,Symptom Checker_Health Search,01-07-2025
H3101,Symptom Checker_Health Search,01-07-2025
H3267,Symptom Checker_Health Search,01-07-2025
H3178,Symptom Checker_Health Search,01-07-2025
H3217,Symptom Checker_Health Search,01-07-2025
H3037,Symptom Checker_Health Search,01-07-2025
H3263,Symptom Checker_Health Search,01-07-2025
H3048,Symptom Checker_Health Search,01-07-2025
H3002,Symptom Checker_Health Search,01-07-2025
H3225,Symptom Checker_Health Search,01-07-2025
H3130,Symptom Checker_Health Search,01-07-2025
H3153,Symptom Checker_Health Search,01-07-2025
H3062,Symptom Checker_Health Search,01-07-2025
H3196,Symptom Checker_Health Search,01-07-2025
H3246,Symptom Checker_Health Search,01-07-2025
H3237,Symptom Checker_Health Search,01-07-2025
H3053,Symptom Checker_Health Search,01-07-2025
H3275,Symptom Checker_Health Search,01-07-2025
H3176,Symptom Checker_Health Search,01-07-2025
H3193,Symptom Checker_Health Search,01-07-2025
H3242,Symptom Checker_Health Search,01-07-2025
H3248,Symptom Checker_Health Search,01-07-2025
H3281,Symptom Checker_Health Search,01-07-2025
H3155,Symptom Checker_Health Search,01-07-2025
H3090,Symptom Checker_Health Search,01-07-2025
H3226,Symptom Checker_Health Search,01-07-2025
H3000,Symptom Checker_Health Search,01-07-2025
H3057,Symptom Checker_Health Search,01-07-2025
H3289,Symptom Checker_Health Search,01-07-2025
H3244,Symptom Checker_Health Search,01-07-2025
H3113,Symptom Checker_Health Search,01-07-2025
H3199,Symptom Checker_Health Search,01-07-2025
H3092,Symptom Checker_Health Search,01-07-2025
H3054,Symptom Checker_Health Search,01-07-2025
H3230,Symptom Checker_Health Search,01-07-2025
H3066,Symptom Checker_Health Search,01-07-2025
H3288,Symptom Checker_Health Search,01-07-2025
H3282,Symptom Checker_Health Search,01-07-2025
H3088,Symptom Checker_Health Search,01-07-2025
H3297,Symptom Checker_Health Search,01-07-2025
H3166,Symptom Checker_Health Search,01-07-2025
H3001,Symptom Checker_Health Search,01-07-2025
H3177,Symptom Checker_Health Search,01-07-2025
H3100,Symptom Checker_Health Search,01-07-2025
H3284,Symptom Checker_Health Search,01-07-2025
H3097,Symptom Checker_Health Search,01-07-2025
H3056,Symptom Checker_Health Search,01-07-2025
H3285,Symptom Checker_Health Search,01-07-2025
H3143,Symptom Checker_Health Search,01-07-2025
H3075,Symptom Checker_Health Search,01-07-2025
H3140,Symptom Checker_Health Search,01-07-2025
H3235,Symptom Checker_Health Search,01-07-2025
H3258,Symptom Checker_Health Search,01-07-2025
H3138,Symptom Checker_Health Search,01-07-2025
H3276,Symptom Checker_Health Search,01-07-2025
H3096,Symptom Checker_Health Search,01-07-2025
H3272,Symptom Checker_Health Search,01-07-2025
H3124,Symptom Checker_Health Search,01-07-2025
H3254,Symptom Checker_Health Search,01-07-2025
H3139,Symptom Checker_Health Search,01-07-2025
H3219,Symptom Checker_Health Search,01-07-2025
H3009,Symptom Checker_Health Search,01-07-2025
H3039,Symptom Checker_Health Search,01-07-2025
H3134,Symptom Checker_Health Search,01-07-2025
H3060,Symptom Checker_Health Search,01-07-2025
H3185,Symptom Checker_Health Search,01-07-2025
H3234,Symptom Checker_Health Search,01-07-2025
H3098,Symptom Checker_Health Search,01-07-2025
H3279,Symptom Checker_Health Search,01-07-2025
H3107,Symptom Checker_Health Search,01-07-2025
H3080,Symptom Checker_Health Search,01-07-2025
H3019,Symptom Checker_Health Search,01-07-2025
H3295,Symptom Checker_Health Search,01-07-2025
H3127,Symptom Checker_Health Search,01-07-2025
H3290,Symptom Checker_Health Search,01-07-2025
H3116,Symptom Checker_Health Search,01-07-2025
H3286,Symptom Checker_Health Search,01-07-2025
H3137,Symptom Checker_Health Search,01-07-2025
H3129,Symptom Checker_Health Search,01-07-2025
H3109,Symptom Checker_Health Search,01-07-2025
H3120,Symptom Checker_Health Search,01-07-2025
H3071,Symptom Checker_Health Search,01-07-2025
H3183,Symptom Checker_Health Search,01-07-2025
H3006,Symptom Checker_Health Search,01-07-2025
H3245,Symptom Checker_Health Search,01-07-2025
H3112,Symptom Checker_Health Search,01-07-2025
H3167,Symptom Checker_Health Search,01-07-2025
H3077,Symptom Checker_Health Search,01-07-2025
H3012,Symptom Checker_Health Search,01-07-2025
H3222,Symptom Checker_Health Search,01-07-2025
H3195,Symptom Checker_Health Search,01-07-2025
H3117,Symptom Checker_Health Search,01-07-2025
H3022,Symptom Checker_Health Search,01-07-2025
H3122,Symptom Checker_Health Search,01-07-2025
H3046,Symptom Checker_Health Search,01-07-2025
H3131,Symptom Checker_Health Search,01-07-2025
H3079,Symptom Checker_Health Search,01-07-2025
H3210,Symptom Checker_Health Search,01-07-2025
H3162,Symptom Checker_Health Search,01-07-2025
H3043,Symptom Checker_Health Search,01-07-2025
H3229,Symptom Checker_Health Search,01-07-2025
H3205,Symptom Checker_Health Search,01-07-2025
H3111,Symptom Checker_Health Search,01-07-2025
H3044,Symptom Checker_Health Search,01-07-2025
H3026,Symptom Checker_Health Search,01-07-2025
H3020,Symptom Checker_Health Search,01-07-2025
H3188,Symptom Checker_Health Search,01-07-2025
H3239,Symptom Checker_Health Search,01-07-2025
H3228,Symptom Checker_Health Search,01-07-2025
H3148,Symptom Checker_Health Search,01-07-2025
H3158,Symptom Checker_Health Search,01-07-2025
H3208,Symptom Checker_Health Search,01-07-2025
H3033,Symptom Checker_Health Search,01-07-2025
H3114,Symptom Checker_Health Search,01-07-2025
H3095,Symptom Checker_Health Search,01-07-2025
H3154,Symptom Checker_Health Search,01-07-2025
H3050,Symptom Checker_Health Search,01-07-2025
H3180,Symptom Checker_Health Search,01-07-2025
H3081,Symptom Checker_Health Search,01-07-2025
H3262,Symptom Checker_Health Search,01-07-2025
H3293,Symptom Checker_Health Search,01-07-2025
H3249,Symptom Checker_Health Search,01-07-2025
H3224,Symptom Checker_Health Search,01-07-2025
H3214,Symptom Checker_Health Search,01-07-2025
H3086,Symptom Checker_Health Search,01-07-2025
H3152,Symptom Checker_Health Search,01-07-2025
H3260,Symptom Checker_Health Search,01-07-2025
H3247,Symptom Checker_Health Search,01-07-2025
H3197,Symptom Checker_Health Search,01-07-2025
H3283,Symptom Checker_Health Search,01-07-2025
H3218,Symptom Checker_Health Search,01-07-2025
H3266,Symptom Checker_Health Search,01-07-2025
H3201,Symptom Checker_Health Search,01-07-2025
H3200,Symptom Checker_Health Search,01-07-2025
H3123,Symptom Checker_Health Search,01-07-2025
H3168,Symptom Checker_Health Search,01-07-2025
H3023,Symptom Checker_Health Search,01-07-2025
H3215,Symptom Checker_Health Search,01-07-2025
H3018,Symptom Checker_Health Search,01-07-2025
H3091,Symptom Checker_Health Search,01-07-2025
H3164,Symptom Checker_Health Search,01-07-2025
H3151,Symptom Checker_Health Search,01-07-2025
H3233,Symptom Checker_Health Search,01-07-2025
H3024,Symptom Checker_Health Search,01-07-2025
H3270,Symptom Checker_Health Search,01-07-2025
H3212,Symptom Checker_Health Search,01-07-2025
H3025,Symptom Checker_Health Search,01-07-2025
H3299,Symptom Checker_Health Search,01-07-2025
H3171,Symptom Checker_Health Search,01-07-2025
H3238,Symptom Checker_Health Search,01-07-2025
H3257,Symptom Checker_Health Search,01-07-2025
H3174,Symptom Checker_Health Search,01-07-2025
H3004,Symptom Checker_Health Search,01-07-2025
H3278,Symptom Checker_Health Search,01-07-2025
H3182,Symptom Checker_Health Search,01-07-2025
H3051,Symptom Checker_Health Search,01-07-2025
H3192,Symptom Checker_Health Search,01-07-2025
H3008,Symptom Checker_Health Search,01-07-2025
H3013,Symptom Checker_Health Search,01-07-2025
H3005,Symptom Checker_Health Search,01-07-2025
H3161,Symptom Checker_Health Search,01-07-2025
H3209,Symptom Checker_Health Search,01-07-2025
H3031,Symptom Checker_Health Search,01-07-2025
H3294,Symptom Checker_Health Search,01-07-2025
H3156,Symptom Checker_Health Search,01-07-2025
H3231,Symptom Checker_Health Search,01-07-2025
H3125,Symptom Checker_Health Search,01-07-2025
H3063,Symptom Checker_Health Search,01-07-2025
H3206,Symptom Checker_Health Search,01-07-2025
H3108,Symptom Checker_Health Search,01-07-2025
H3296,Symptom Checker_Health Search,01-07-2025
H3144,Symptom Checker_Health Search,01-07-2025
H3198,Symptom Checker_Health Search,01-07-2025
H3049,Symptom Checker_Health Search,01-07-2025
H3042,Symptom Checker_Health Search,01-07-2025
H3027,Symptom Checker_Health Search,01-07-2025
H3268,Symptom Checker_Health Search,01-07-2025
H3126,Symptom Checker_Health Search,01-07-2025
H3211,Symptom Checker_Health Search,01-07-2025
H3040,Symptom Checker_Health Search,01-07-2025
H3243,Symptom Checker_Health Search,01-07-2025
H3253,Symptom Checker_Health Search,01-07-2025
H3083,Symptom Checker_Health Search,01-07-2025
H3014,Symptom Checker_Health Search,01-07-2025
H3085,Symptom Checker_Health Search,01-07-2025
H3036,Symptom Checker_Health Search,01-07-2025
H3087,Symptom Checker_Health Search,01-07-2025
H3172,Symptom Checker_Health Search,01-07-2025
H3070,Symptom Checker_Health Search,01-07-2025
H3146,Symptom Checker_Health Search,01-07-2025
H3052,Symptom Checker_Health Search,01-07-2025
H3106,Symptom Checker_Health Search,01-07-2025
H3271,Symptom Checker_Health Search,01-07-2025
H3099,Symptom Checker_Health Search,01-07-2025
H3061,Symptom Checker_Health Search,01-07-2025
H3007,Symptom Checker_Health Search,01-07-2025
H3186,Symptom Checker_Health Search,01-07-2025
H3232,Symptom Checker_Health Search,01-07-2025
H3021,Symptom Checker_Health Search,01-07-2025
H3213,Symptom Checker_Health Search,01-07-2025
H3274,Symptom Checker_Health Search,01-07-2025
H3250,Symptom Checker_Health Search,01-07-2025
H3118,Symptom Checker_Health Search,01-07-2025
H3169,Symptom Checker_Health Search,01-07-2025
H3259,Symptom Checker_Health Search,01-07-2025
H3181,Symptom Checker_Health Search,01-07-2025
H3104,Symptom Checker_Health Search,01-07-2025
H3084,Symptom Checker_Health Search,01-07-2025
H3135,Symptom Checker_Health Search,01-07-2025
H3280,Symptom Checker_Health Search,01-07-2025
H3028,Symptom Checker_Health Search,01-07-2025
H3073,Symptom Checker_Health Search,01-07-2025
H3202,Symptom Checker_Health Search,01-07-2025
H3032,Symptom Checker_Health Search,01-07-2025
H3175,Symptom Checker_Health Search,01-07-2025
H3252,Symptom Checker_Health Search,01-07-2025
H3216,Symptom Checker_Health Search,01-07-2025
H3204,Symptom Checker_Health Search,01-07-2025
H3240,Symptom Checker_Health Search,01-07-2025
H3132,Symptom Checker_Health Search,01-07-2025
H3227,Symptom Checker_Health Search,01-07-2025
H3194,Symptom Checker_Health Search,01-07-2025
H3034,Symptom Checker_Health Search,01-07-2025
H3089,Symptom Checker_Health Search,01-07-2025
H3291,Symptom Checker_Health Search,01-07-2025
H3187,Symptom Checker_Health Search,01-07-2025
H3145,Symptom Checker_Health Search,01-07-2025
H3016,Symptom Checker_Health Search,01-07-2025
H3058,Symptom Checker_Health Search,01-07-2025
H3277,Symptom Checker_Health Search,01-07-2025
H3255,Symptom Checker_Health Search,01-07-2025
H3077,Viewed Doctor Profiles,03-07-2025
H3151,Viewed Doctor Profiles,03-07-2025
H3004,Viewed Doctor Profiles,03-07-2025
H3265,Viewed Doctor Profiles,03-07-2025
H3141,Viewed Doctor Profiles,03-07-2025
H3295,Viewed Doctor Profiles,03-07-2025
H3217,Viewed Doctor Profiles,03-07-2025
H3024,Viewed Doctor Profiles,03-07-2025
H3045,Viewed Doctor Profiles,03-07-2025
H3181,Viewed Doctor Profiles,03-07-2025
H3029,Viewed Doctor Profiles,03-07-2025
H3140,Viewed Doctor Profiles,03-07-2025
H3259,Viewed Doctor Profiles,03-07-2025
H3260,Viewed Doctor Profiles,03-07-2025
H3239,Viewed Doctor Profiles,03-07-2025
H3150,Viewed Doctor Profiles,03-07-2025
H3277,Viewed Doctor Profiles,03-07-2025
H3137,Viewed Doctor Profiles,03-07-2025
H3208,Viewed Doctor Profiles,03-07-2025
H3288,Viewed Doctor Profiles,03-07-2025
H3172,Viewed Doctor Profiles,03-07-2025
H3059,Viewed Doctor Profiles,03-07-2025
H3180,Viewed Doctor Profiles,03-07-2025
H3292,Viewed Doctor Profiles,03-07-2025
H3155,Viewed Doctor Profiles,03-07-2025
H3167,Viewed Doctor Profiles,03-07-2025
H3063,Viewed Doctor Profiles,03-07-2025
H3075,Viewed Doctor Profiles,03-07-2025
H3215,Viewed Doctor Profiles,03-07-2025
H3171,Viewed Doctor Profiles,03-07-2025
H3117,Viewed Doctor Profiles,03-07-2025
H3007,Viewed Doctor Profiles,03-07-2025
H3175,Viewed Doctor Profiles,03-07-2025
H3052,Viewed Doctor Profiles,03-07-2025
H3169,Viewed Doctor Profiles,03-07-2025
H3125,Viewed Doctor Profiles,03-07-2025
H3102,Viewed Doctor Profiles,03-07-2025
H3071,Viewed Doctor Profiles,03-07-2025
H3224,Viewed Doctor Profiles,03-07-2025
H3176,Viewed Doctor Profiles,03-07-2025
H3149,Viewed Doctor Profiles,03-07-2025
H3157,Viewed Doctor Profiles,03-07-2025
H3230,Viewed Doctor Profiles,03-07-2025
H3020,Viewed Doctor Profiles,03-07-2025
H3021,Viewed Doctor Profiles,03-07-2025
H3113,Viewed Doctor Profiles,03-07-2025
H3142,Viewed Doctor Profiles,03-07-2025
H3247,Viewed Doctor Profiles,03-07-2025
H3184,Viewed Doctor Profiles,03-07-2025
H3220,Viewed Doctor Profiles,03-07-2025
H3131,Viewed Doctor Profiles,03-07-2025
H3275,Viewed Doctor Profiles,03-07-2025
H3094,Viewed Doctor Profiles,03-07-2025
H3033,Viewed Doctor Profiles,03-07-2025
H3127,Viewed Doctor Profiles,03-07-2025
H3099,Viewed Doctor Profiles,03-07-2025
H3011,Viewed Doctor Profiles,03-07-2025
H3267,Viewed Doctor Profiles,03-07-2025
H3212,Viewed Doctor Profiles,03-07-2025
H3008,Viewed Doctor Profiles,03-07-2025
H3159,Viewed Doctor Profiles,03-07-2025
H3083,Viewed Doctor Profiles,03-07-2025
H3148,Viewed Doctor Profiles,03-07-2025
H3027,Viewed Doctor Profiles,03-07-2025
H3098,Viewed Doctor Profiles,03-07-2025
H3249,Viewed Doctor Profiles,03-07-2025
H3199,Viewed Doctor Profiles,03-07-2025
H3051,Viewed Doctor Profiles,03-07-2025
H3122,Viewed Doctor Profiles,03-07-2025
H3116,Viewed Doctor Profiles,03-07-2025
H3266,Viewed Doctor Profiles,03-07-2025
H3091,Viewed Doctor Profiles,03-07-2025
H3297,Viewed Doctor Profiles,03-07-2025
H3080,Viewed Doctor Profiles,03-07-2025
H3274,Viewed Doctor Profiles,03-07-2025
H3196,Viewed Doctor Profiles,03-07-2025
H3022,Viewed Doctor Profiles,03-07-2025
H3170,Viewed Doctor Profiles,03-07-2025
H3073,Viewed Doctor Profiles,03-07-2025
H3251,Viewed Doctor Profiles,03-07-2025
H3015,Viewed Doctor Profiles,03-07-2025
H3216,Viewed Doctor Profiles,03-07-2025
H3138,Viewed Doctor Profiles,03-07-2025
H3070,Viewed Doctor Profiles,03-07-2025
H3055,Viewed Doctor Profiles,03-07-2025
H3119,Viewed Doctor Profiles,03-07-2025
H3258,Viewed Doctor Profiles,03-07-2025
H3286,Viewed Doctor Profiles,03-07-2025
H3254,Viewed Doctor Profiles,03-07-2025
H3034,Viewed Doctor Profiles,03-07-2025
H3146,Viewed Doctor Profiles,03-07-2025
H3193,Viewed Doctor Profiles,03-07-2025
H3009,Viewed Doctor Profiles,03-07-2025
H3064,Viewed Doctor Profiles,03-07-2025
H3058,Viewed Doctor Profiles,03-07-2025
H3145,Viewed Doctor Profiles,03-07-2025
H3135,Viewed Doctor Profiles,03-07-2025
H3276,Viewed Doctor Profiles,03-07-2025
H3279,Viewed Doctor Profiles,03-07-2025
H3010,Viewed Doctor Profiles,03-07-2025
H3248,Viewed Doctor Profiles,03-07-2025
H3174,Viewed Doctor Profiles,03-07-2025
H3023,Viewed Doctor Profiles,03-07-2025
H3210,Viewed Doctor Profiles,03-07-2025
H3056,Viewed Doctor Profiles,03-07-2025
H3162,Viewed Doctor Profiles,03-07-2025
H3214,Viewed Doctor Profiles,03-07-2025
H3044,Viewed Doctor Profiles,03-07-2025
H3240,Viewed Doctor Profiles,03-07-2025
H3095,Viewed Doctor Profiles,03-07-2025
H3130,Viewed Doctor Profiles,03-07-2025
H3234,Viewed Doctor Profiles,03-07-2025
H3243,Viewed Doctor Profiles,03-07-2025
H3072,Viewed Doctor Profiles,03-07-2025
H3284,Viewed Doctor Profiles,03-07-2025
H3270,Viewed Doctor Profiles,03-07-2025
H3030,Viewed Doctor Profiles,03-07-2025
H3290,Viewed Doctor Profiles,03-07-2025
H3263,Viewed Doctor Profiles,03-07-2025
H3061,Viewed Doctor Profiles,03-07-2025
H3168,Viewed Doctor Profiles,03-07-2025
H3285,Viewed Doctor Profiles,03-07-2025
H3078,Viewed Doctor Profiles,03-07-2025
H3079,Viewed Doctor Profiles,03-07-2025
H3053,Viewed Doctor Profiles,03-07-2025
H3050,Viewed Doctor Profiles,03-07-2025
H3183,Viewed Doctor Profiles,03-07-2025
H3057,Viewed Doctor Profiles,03-07-2025
H3166,Viewed Doctor Profiles,03-07-2025
H3213,Viewed Doctor Profiles,03-07-2025
H3257,Viewed Doctor Profiles,03-07-2025
H3219,Viewed Doctor Profiles,03-07-2025
H3153,Viewed Doctor Profiles,03-07-2025
H3187,Viewed Doctor Profiles,03-07-2025
H3262,Viewed Doctor Profiles,03-07-2025
H3250,Viewed Doctor Profiles,03-07-2025
H3294,Viewed Doctor Profiles,03-07-2025
H3191,Viewed Doctor Profiles,03-07-2025
H3179,Viewed Doctor Profiles,03-07-2025
H3255,Viewed Doctor Profiles,03-07-2025
H3111,Viewed Doctor Profiles,03-07-2025
H3269,Viewed Doctor Profiles,03-07-2025
H3107,Viewed Doctor Profiles,03-07-2025
H3225,Viewed Doctor Profiles,03-07-2025
H3060,Viewed Doctor Profiles,03-07-2025
H3049,Viewed Doctor Profiles,03-07-2025
H3037,Viewed Doctor Profiles,03-07-2025
H3281,Viewed Doctor Profiles,03-07-2025
H3271,Viewed Doctor Profiles,03-07-2025
H3043,Viewed Doctor Profiles,03-07-2025
H3110,Viewed Doctor Profiles,03-07-2025
H3194,Viewed Doctor Profiles,03-07-2025
H3143,Viewed Doctor Profiles,03-07-2025
H3204,Viewed Doctor Profiles,03-07-2025
H3087,Viewed Doctor Profiles,03-07-2025
H3189,Viewed Doctor Profiles,03-07-2025
H3287,Viewed Doctor Profiles,03-07-2025
H3139,Viewed Doctor Profiles,03-07-2025
H3001,Viewed Doctor Profiles,03-07-2025
H3115,Viewed Doctor Profiles,03-07-2025
H3108,Viewed Doctor Profiles,03-07-2025
H3129,Viewed Doctor Profiles,03-07-2025
H3101,Viewed Doctor Profiles,03-07-2025
H3144,Viewed Doctor Profiles,03-07-2025
H3238,Viewed Doctor Profiles,03-07-2025
H3165,Viewed Doctor Profiles,03-07-2025
H3218,Viewed Doctor Profiles,03-07-2025
H3232,Viewed Doctor Profiles,03-07-2025
H3161,Viewed Doctor Profiles,03-07-2025
H3201,Viewed Doctor Profiles,03-07-2025
H3006,Viewed Doctor Profiles,03-07-2025
H3206,Viewed Doctor Profiles,03-07-2025
H3182,Viewed Doctor Profiles,03-07-2025
H3133,Viewed Doctor Profiles,03-07-2025
H3103,Viewed Doctor Profiles,03-07-2025
H3154,Viewed Doctor Profiles,03-07-2025
H3038,Viewed Doctor Profiles,03-07-2025
H3047,Viewed Doctor Profiles,03-07-2025
H3132,Viewed Doctor Profiles,03-07-2025
H3109,Viewed Doctor Profiles,03-07-2025
H3271,Filtered by Insurance_Location,05-07-2025
H3258,Filtered by Insurance_Location,05-07-2025
H3053,Filtered by Insurance_Location,05-07-2025
H3060,Filtered by Insurance_Location,05-07-2025
H3109,Filtered by Insurance_Location,05-07-2025
H3266,Filtered by Insurance_Location,05-07-2025
H3182,Filtered by Insurance_Location,05-07-2025
H3101,Filtered by Insurance_Location,05-07-2025
H3098,Filtered by Insurance_Location,05-07-2025
H3045,Filtered by Insurance_Location,05-07-2025
H3263,Filtered by Insurance_Location,05-07-2025
H3240,Filtered by Insurance_Location,05-07-2025
H3297,Filtered by Insurance_Location,05-07-2025
H3119,Filtered by Insurance_Location,05-07-2025
H3020,Filtered by Insurance_Location,05-07-2025
H3006,Filtered by Insurance_Location,05-07-2025
H3140,Filtered by Insurance_Location,05-07-2025
H3137,Filtered by Insurance_Location,05-07-2025
H3108,Filtered by Insurance_Location,05-07-2025
H3281,Filtered by Insurance_Location,05-07-2025
H3274,Filtered by Insurance_Location,05-07-2025
H3056,Filtered by Insurance_Location,05-07-2025
H3157,Filtered by Insurance_Location,05-07-2025
H3132,Filtered by Insurance_Location,05-07-2025
H3078,Filtered by Insurance_Location,05-07-2025
H3155,Filtered by Insurance_Location,05-07-2025
H3230,Filtered by Insurance_Location,05-07-2025
H3260,Filtered by Insurance_Location,05-07-2025
H3254,Filtered by Insurance_Location,05-07-2025
H3175,Filtered by Insurance_Location,05-07-2025
H3183,Filtered by Insurance_Location,05-07-2025
H3117,Filtered by Insurance_Location,05-07-2025
H3144,Filtered by Insurance_Location,05-07-2025
H3011,Filtered by Insurance_Location,05-07-2025
H3196,Filtered by Insurance_Location,05-07-2025
H3033,Filtered by Insurance_Location,05-07-2025
H3239,Filtered by Insurance_Location,05-07-2025
H3029,Filtered by Insurance_Location,05-07-2025
H3201,Filtered by Insurance_Location,05-07-2025
H3051,Filtered by Insurance_Location,05-07-2025
H3243,Filtered by Insurance_Location,05-07-2025
H3071,Filtered by Insurance_Location,05-07-2025
H3285,Filtered by Insurance_Location,05-07-2025
H3079,Filtered by Insurance_Location,05-07-2025
H3171,Filtered by Insurance_Location,05-07-2025
H3169,Filtered by Insurance_Location,05-07-2025
H3047,Filtered by Insurance_Location,05-07-2025
H3234,Filtered by Insurance_Location,05-07-2025
H3218,Filtered by Insurance_Location,05-07-2025
H3215,Filtered by Insurance_Location,05-07-2025
H3111,Filtered by Insurance_Location,05-07-2025
H3049,Filtered by Insurance_Location,05-07-2025
H3174,Filtered by Insurance_Location,05-07-2025
H3219,Filtered by Insurance_Location,05-07-2025
H3259,Filtered by Insurance_Location,05-07-2025
H3251,Filtered by Insurance_Location,05-07-2025
H3021,Filtered by Insurance_Location,05-07-2025
H3212,Filtered by Insurance_Location,05-07-2025
H3024,Filtered by Insurance_Location,05-07-2025
H3058,Filtered by Insurance_Location,05-07-2025
H3159,Filtered by Insurance_Location,05-07-2025
H3125,Filtered by Insurance_Location,05-07-2025
H3167,Filtered by Insurance_Location,05-07-2025
H3180,Filtered by Insurance_Location,05-07-2025
H3238,Filtered by Insurance_Location,05-07-2025
H3286,Filtered by Insurance_Location,05-07-2025
H3248,Filtered by Insurance_Location,05-07-2025
H3008,Filtered by Insurance_Location,05-07-2025
H3172,Filtered by Insurance_Location,05-07-2025
H3064,Filtered by Insurance_Location,05-07-2025
H3129,Filtered by Insurance_Location,05-07-2025
H3034,Filtered by Insurance_Location,05-07-2025
H3091,Filtered by Insurance_Location,05-07-2025
H3184,Filtered by Insurance_Location,05-07-2025
H3153,Filtered by Insurance_Location,05-07-2025
H3022,Filtered by Insurance_Location,05-07-2025
H3265,Filtered by Insurance_Location,05-07-2025
H3050,Filtered by Insurance_Location,05-07-2025
H3037,Filtered by Insurance_Location,05-07-2025
H3154,Filtered by Insurance_Location,05-07-2025
H3141,Filtered by Insurance_Location,05-07-2025
H3122,Filtered by Insurance_Location,05-07-2025
H3176,Filtered by Insurance_Location,05-07-2025
H3216,Filtered by Insurance_Location,05-07-2025
H3162,Filtered by Insurance_Location,05-07-2025
H3224,Filtered by Insurance_Location,05-07-2025
H3290,Filtered by Insurance_Location,05-07-2025
H3133,Filtered by Insurance_Location,05-07-2025
H3075,Filtered by Insurance_Location,05-07-2025
H3102,Filtered by Insurance_Location,05-07-2025
H3142,Filtered by Insurance_Location,05-07-2025
H3287,Filtered by Insurance_Location,05-07-2025
H3055,Filtered by Insurance_Location,05-07-2025
H3061,Filtered by Insurance_Location,05-07-2025
H3038,Filtered by Insurance_Location,05-07-2025
H3009,Filtered by Insurance_Location,05-07-2025
H3015,Filtered by Insurance_Location,05-07-2025
H3010,Filtered by Insurance_Location,05-07-2025
H3276,Filtered by Insurance_Location,05-07-2025
H3199,Filtered by Insurance_Location,05-07-2025
H3193,Filtered by Insurance_Location,05-07-2025
H3255,Filtered by Insurance_Location,05-07-2025
H3115,Filtered by Insurance_Location,05-07-2025
H3225,Filtered by Insurance_Location,05-07-2025
H3189,Filtered by Insurance_Location,05-07-2025
H3275,Filtered by Insurance_Location,05-07-2025
H3288,Filtered by Insurance_Location,05-07-2025
H3057,Filtered by Insurance_Location,05-07-2025
H3166,Filtered by Insurance_Location,05-07-2025
H3279,Filtered by Insurance_Location,05-07-2025
H3214,Filtered by Insurance_Location,05-07-2025
H3161,Filtered by Insurance_Location,05-07-2025
H3267,Filtered by Insurance_Location,05-07-2025
H3170,Filtered by Insurance_Location,05-07-2025
H3094,Filtered by Insurance_Location,05-07-2025
H3138,Filtered by Insurance_Location,05-07-2025
H3181,Filtered by Insurance_Location,05-07-2025
H3292,Filtered by Insurance_Location,05-07-2025
H3220,Filtered by Insurance_Location,05-07-2025
H3250,Filtered by Insurance_Location,05-07-2025
H3087,Filtered by Insurance_Location,05-07-2025
H3052,Filtered by Insurance_Location,05-07-2025
H3194,Filtered by Insurance_Location,05-07-2025
H3247,Filtered by Insurance_Location,05-07-2025
H3208,Filtered by Insurance_Location,05-07-2025
H3059,Filtered by Insurance_Location,05-07-2025
H3095,Filtered by Insurance_Location,05-07-2025
H3262,Filtered by Insurance_Location,05-07-2025
H3007,Filtered by Insurance_Location,05-07-2025
H3127,Filtered by Insurance_Location,05-07-2025
H3290,Booked Appointment,07-07-2025
H3079,Booked Appointment,07-07-2025
H3215,Booked Appointment,07-07-2025
H3006,Booked Appointment,07-07-2025
H3098,Booked Appointment,07-07-2025
H3087,Booked Appointment,07-07-2025
H3180,Booked Appointment,07-07-2025
H3263,Booked Appointment,07-07-2025
H3117,Booked Appointment,07-07-2025
H3182,Booked Appointment,07-07-2025
H3119,Booked Appointment,07-07-2025
H3248,Booked Appointment,07-07-2025
H3286,Booked Appointment,07-07-2025
H3260,Booked Appointment,07-07-2025
H3251,Booked Appointment,07-07-2025
H3159,Booked Appointment,07-07-2025
H3267,Booked Appointment,07-07-2025
H3045,Booked Appointment,07-07-2025
H3274,Booked Appointment,07-07-2025
H3055,Booked Appointment,07-07-2025
H3199,Booked Appointment,07-07-2025
H3170,Booked Appointment,07-07-2025
H3183,Booked Appointment,07-07-2025
H3132,Booked Appointment,07-07-2025
H3064,Booked Appointment,07-07-2025
H3057,Booked Appointment,07-07-2025
H3052,Booked Appointment,07-07-2025
H3154,Booked Appointment,07-07-2025
H3297,Booked Appointment,07-07-2025
H3169,Booked Appointment,07-07-2025
H3288,Booked Appointment,07-07-2025
H3275,Booked Appointment,07-07-2025
H3061,Booked Appointment,07-07-2025
H3010,Booked Appointment,07-07-2025
H3142,Booked Appointment,07-07-2025
H3234,Booked Appointment,07-07-2025
H3176,Booked Appointment,07-07-2025
H3155,Booked Appointment,07-07-2025
H3091,Booked Appointment,07-07-2025
H3161,Booked Appointment,07-07-2025
H3022,Booked Appointment,07-07-2025
H3240,Booked Appointment,07-07-2025
H3129,Booked Appointment,07-07-2025
H3189,Booked Appointment,07-07-2025
H3247,Booked Appointment,07-07-2025
H3060,Booked Appointment,07-07-2025
H3101,Booked Appointment,07-07-2025
H3219,Booked Appointment,07-07-2025
H3262,Booked Appointment,07-07-2025
H3029,Booked Appointment,07-07-2025
H3108,Booked Appointment,07-07-2025
H3115,Booked Appointment,07-07-2025
H3007,Booked Appointment,07-07-2025
H3167,Booked Appointment,07-07-2025
H3049,Booked Appointment,07-07-2025
H3133,Booked Appointment,07-07-2025
H3175,Booked Appointment,07-07-2025
H3015,Booked Appointment,07-07-2025
H3038,Booked Appointment,07-07-2025
H3271,Booked Appointment,07-07-2025
H3239,Booked Appointment,07-07-2025
H3193,Booked Appointment,07-07-2025
H3021,Booked Appointment,07-07-2025
H3024,Booked Appointment,07-07-2025
H3218,Booked Appointment,07-07-2025
H3166,Booked Appointment,07-07-2025
H3075,Booked Appointment,07-07-2025
H3033,Booked Appointment,07-07-2025
H3184,Booked Appointment,07-07-2025
H3138,Booked Appointment,07-07-2025
H3230,Booked Appointment,07-07-2025
H3047,Booked Appointment,07-07-2025
H3259,Booked Appointment,07-07-2025
H3276,Booked Appointment,07-07-2025
H3174,Booked Appointment,07-07-2025
H3050,Booked Appointment,07-07-2025
H3243,Booked Appointment,07-07-2025
H3071,Booked Appointment,07-07-2025
H3208,Booked Appointment,07-07-2025
H3171,Booked Appointment,07-07-2025
H3059,Booked Appointment,07-07-2025
H3266,Booked Appointment,07-07-2025
H3224,Booked Appointment,07-07-2025
H3285,Booked Appointment,07-07-2025
H3008,Booked Appointment,07-07-2025
H3141,Booked Appointment,07-07-2025
H3220,Booked Appointment,07-07-2025
H3250,Booked Appointment,07-07-2025
H3127,Booked Appointment,07-07-2025
H3140,Booked Appointment,07-07-2025
H3129,Consultation Attended,10-07-2025
H3189,Consultation Attended,10-07-2025
H3141,Consultation Attended,10-07-2025
H3180,Consultation Attended,10-07-2025
H3239,Consultation Attended,10-07-2025
H3176,Consultation Attended,10-07-2025
H3059,Consultation Attended,10-07-2025
H3161,Consultation Attended,10-07-2025
H3079,Consultation Attended,10-07-2025
H3050,Consultation Attended,10-07-2025
H3119,Consultation Attended,10-07-2025
H3267,Consultation Attended,10-07-2025
H3052,Consultation Attended,10-07-2025
H3060,Consultation Attended,10-07-2025
H3022,Consultation Attended,10-07-2025
H3224,Consultation Attended,10-07-2025
H3199,Consultation Attended,10-07-2025
H3183,Consultation Attended,10-07-2025
H3117,Consultation Attended,10-07-2025
H3155,Consultation Attended,10-07-2025
H3015,Consultation Attended,10-07-2025
H3047,Consultation Attended,10-07-2025
H3033,Consultation Attended,10-07-2025
H3127,Consultation Attended,10-07-2025
H3248,Consultation Attended,10-07-2025
H3169,Consultation Attended,10-07-2025
H3297,Consultation Attended,10-07-2025
H3286,Consultation Attended,10-07-2025
H3029,Consultation Attended,10-07-2025
H3247,Consultation Attended,10-07-2025
H3108,Consultation Attended,10-07-2025
H3208,Consultation Attended,10-07-2025
H3057,Consultation Attended,10-07-2025
H3140,Consultation Attended,10-07-2025
H3250,Consultation Attended,10-07-2025
H3240,Consultation Attended,10-07-2025
H3275,Consultation Attended,10-07-2025
H3098,Consultation Attended,10-07-2025
H3290,Consultation Attended,10-07-2025
H3271,Consultation Attended,10-07-2025
H3101,Consultation Attended,10-07-2025
H3260,Consultation Attended,10-07-2025
H3263,Consultation Attended,10-07-2025
H3087,Consultation Attended,10-07-2025
H3007,Consultation Attended,10-07-2025
H3154,Consultation Attended,10-07-2025
H3138,Consultation Attended,10-07-2025
H3045,Consultation Attended,10-07-2025
H3251,Consultation Attended,10-07-2025
H3049,Consultation Attended,10-07-2025
H3024,Consultation Attended,10-07-2025
H3219,Consultation Attended,10-07-2025
H3142,Consultation Attended,10-07-2025
H3285,Consultation Attended,10-07-2025
H3184,Consultation Attended,10-07-2025
H3230,Consultation Attended,10-07-2025
H3115,Consultation Attended,10-07-2025
H3193,Consultation Attended,10-07-2025
H3215,Consultation Attended,10-07-2025
H3159,Consultation Attended,10-07-2025
H3059,Feedback Given Follow-Up Booked,12-07-2025
H3263,Feedback Given Follow-Up Booked,12-07-2025
H3248,Feedback Given Follow-Up Booked,12-07-2025
H3155,Feedback Given Follow-Up Booked,12-07-2025
H3239,Feedback Given Follow-Up Booked,12-07-2025
H3007,Feedback Given Follow-Up Booked,12-07-2025
H3087,Feedback Given Follow-Up Booked,12-07-2025
H3045,Feedback Given Follow-Up Booked,12-07-2025
H3049,Feedback Given Follow-Up Booked,12-07-2025
H3127,Feedback Given Follow-Up Booked,12-07-2025
H3138,Feedback Given Follow-Up Booked,12-07-2025
H3052,Feedback Given Follow-Up Booked,12-07-2025
H3022,Feedback Given Follow-Up Booked,12-07-2025
H3119,Feedback Given Follow-Up Booked,12-07-2025
H3101,Feedback Given Follow-Up Booked,12-07-2025
H3230,Feedback Given Follow-Up Booked,12-07-2025
H3169,Feedback Given Follow-Up Booked,12-07-2025
H3047,Feedback Given Follow-Up Booked,12-07-2025
H3275,Feedback Given Follow-Up Booked,12-07-2025
H3285,Feedback Given Follow-Up Booked,12-07-2025
H3140,Feedback Given Follow-Up Booked,12-07-2025
H3183,Feedback Given Follow-Up Booked,12-07-2025
H3050,Feedback Given Follow-Up Booked,12-07-2025
H3180,Feedback Given Follow-Up Booked,12-07-2025
H3208,Feedback Given Follow-Up Booked,12-07-2025
H3079,Feedback Given Follow-Up Booked,12-07-2025
H3115,Feedback Given Follow-Up Booked,12-07-2025
H3117,Feedback Given Follow-Up Booked,12-07-2025
H3193,Feedback Given Follow-Up Booked,12-07-2025
H3251,Feedback Given Follow-Up Booked,12-07-2025
H3024,Feedback Given Follow-Up Booked,12-07-2025
H3060,Feedback Given Follow-Up Booked,12-07-2025
H3240,Feedback Given Follow-Up Booked,12-07-2025
H3161,Feedback Given Follow-Up Booked,12-07-2025
H3108,Feedback Given Follow-Up Booked,12-07-2025
H3224,Feedback Given Follow-Up Booked,12-07-2025
H3189,Feedback Given Follow-Up Booked,12-07-2025
H3098,Feedback Given Follow-Up Booked,12-07-2025
H3297,Feedback Given Follow-Up Booked,12-07-2025
H3159,Feedback Given Follow-Up Booked,12-07-2025
H3271,Feedback Given Follow-Up Booked,12-07-2025
H3057,Feedback Given Follow-Up Booked,12-07-2025
H3286,Feedback Given Follow-Up Booked,12-07-2025
H3142,Feedback Given Follow-Up Booked,12-07-2025
H3247,Feedback Given Follow-Up Booked,12-07-2025
