date,submission_id,student_id,score,name
2016-03-01,48,650,0,Kimberly
2016-03-01,119,3162,0,Linda
2016-03-01,141,4413,0,Marilyn
2016-03-01,203,5478,0,Julia
2016-03-01,215,5509,0,Kevin
2016-03-01,252,5990,0,Paul
2016-03-01,264,7460,0,Donna
2016-03-01,348,7865,0,Michelle
2016-03-01,395,7897,0,Gerald
2016-03-01,452,7978,0,Walter
2016-03-01,460,8150,0,Christina
2016-03-01,485,9630,0,Marilyn
2016-03-01,522,11209,0,Anthony
2016-03-01,798,12371,0,Martin
2016-03-01,807,12423,0,Paul
2016-03-01,908,19773,0,Bobby
2016-03-01,971,19963,0,Gerald
2016-03-01,998,20811,0,Margaret
2016-03-01,1119,20888,0,Albert
2016-03-01,1123,21372,0,Jerry
2016-03-01,1172,22165,0,Stephen
2016-03-01,1236,22917,0,Paul
2016-03-01,1352,22949,0,Ronald
2016-03-01,1374,24095,0,Paul
2016-03-01,1380,24576,0,Steven
2016-03-01,1385,26093,0,Janet
2016-03-01,1410,26468,0,Charles
2016-03-01,1625,27064,0,Jose
2016-03-01,1648,30082,0,Sean
2016-03-01,1666,32455,0,Susan
2016-03-01,1667,33323,0,Dennis
2016-03-01,1706,33863,0,Patrick
2016-03-01,1712,34234,0,Jennifer
2016-03-01,1736,34369,0,Charles
2016-03-01,1749,36594,0,Barbara
2016-03-01,1760,37997,0,Kimberly
2016-03-01,1786,38962,0,Brian
2016-03-01,1871,41057,0,Dennis
2016-03-01,1898,42973,0,Jason
2016-03-01,1906,44791,0,Barbara
2016-03-01,2023,48490,0,Judy
2016-03-01,2072,49340,0,Karen
2016-03-01,2172,51132,0,Harold
2016-03-01,2178,51548,0,Bobby
2016-03-01,2316,53342,0,Carolyn
2016-03-01,2350,54113,0,Paula
2016-03-01,2470,54408,0,Thomas
2016-03-01,2520,55374,0,Teresa
2016-03-01,2521,56707,0,Jose
2016-03-01,2624,81338,85,Mark
2016-03-01,2676,83509,95,Sharon
2016-03-01,2686,81314,10,Denise
2016-03-01,2823,26955,35,Elizabeth
2016-03-01,2947,91573,55,Cynthia
2016-03-01,3231,26170,10,Albert
2016-03-01,3235,89164,65,Steve
2016-03-01,3266,92239,20,Shirley
2016-03-01,3394,67815,40,Douglas
2016-03-01,3459,59792,10,Janet
2016-03-01,3483,56909,95,Arthur
2016-03-01,3498,5026,50,Jennifer
2016-03-01,3507,80744,0,Alan
2016-03-01,3517,84441,90,Dennis
2016-03-01,3518,70115,15,Stephen
2016-03-01,3560,89737,95,Jeremy
2016-03-01,3565,18050,0,Andrew
2016-03-01,3580,53295,75,Brian
2016-03-01,3584,19516,95,Brian
2016-03-01,3588,11587,20,Paula
2016-03-01,3595,42225,15,Douglas
2016-03-01,3603,64790,70,Dorothy
2016-03-01,3682,37492,40,Brian
2016-03-01,3688,25226,70,Bonnie
2016-03-01,3706,95648,15,Charles
2016-03-01,3784,83913,65,Matthew
2016-03-01,3786,83968,100,Julie
2016-03-01,3845,54045,75,Catherine
2016-03-01,3891,22750,100,Mildred
2016-03-01,3939,39091,0,Ruby
2016-03-01,3941,98981,65,Rose
2016-03-01,4005,16014,15,Andrew
2016-03-01,4009,94251,15,Adam
2016-03-01,4016,62640,30,Brenda
2016-03-01,4081,31247,85,Judith
2016-03-01,4133,97530,100,Amy
2016-03-01,4184,66648,20,Virginia
2016-03-01,4270,79278,35,Phyllis
2016-03-01,4303,92654,15,Joyce
2016-03-01,4451,8878,55,Elizabeth
2016-03-01,4523,2697,100,Earl
2016-03-01,4533,34294,65,Lillian
2016-03-01,4575,22467,70,Alan
2016-03-01,4598,3124,70,Joe
2016-03-01,4624,73695,30,Julie
2016-03-01,4651,21743,5,Elizabeth
2016-03-01,4683,95335,60,Lawrence
2016-03-01,4748,83371,40,Cynthia
2016-03-01,4798,81314,80,Denise
2016-03-01,4921,58141,90,Nicholas
2016-03-01,4952,75233,35,Pamela
2016-03-01,5003,433,25,Angela
2016-03-01,5006,77217,75,Sarah
2016-03-01,5137,43192,100,Bobby
2016-03-01,5270,78993,60,Jeremy
2016-03-01,5284,81314,35,Denise
2016-03-01,5320,53072,25,Douglas
2016-03-01,5336,6030,70,James
2016-03-01,5386,79136,25,Jennifer
2016-03-01,5406,57527,55,Ryan
2016-03-01,5408,31263,15,Ruth
2016-03-01,5640,41618,20,Steve
2016-03-01,5698,22780,45,Melissa
2016-03-01,5712,88484,30,Jean
2016-03-01,5848,63800,60,Anna
2016-03-02,5851,650,0,Kimberly
2016-03-02,5970,3162,0,Linda
2016-03-02,6171,4413,0,Marilyn
2016-03-02,6191,5478,0,Julia
2016-03-02,6395,5509,0,Kevin
2016-03-02,6464,5990,0,Paul
2016-03-02,6559,7460,0,Donna
2016-03-02,6588,7865,0,Michelle
2016-03-02,6606,7897,0,Gerald
2016-03-02,6608,7978,0,Walter
2016-03-02,6619,8150,0,Christina
2016-03-02,6637,9630,0,Marilyn
2016-03-02,6642,11209,0,Anthony
2016-03-02,6696,12371,0,Martin
2016-03-02,6739,12423,0,Paul
2016-03-02,6784,19773,0,Bobby
2016-03-02,6793,19963,0,Gerald
2016-03-02,6807,20811,0,Margaret
2016-03-02,6843,20888,0,Albert
2016-03-02,6857,21372,0,Jerry
2016-03-02,6879,22165,0,Stephen
2016-03-02,6914,22917,0,Paul
2016-03-02,6944,22949,0,Ronald
2016-03-02,6951,24095,0,Paul
2016-03-02,7000,24576,0,Steven
2016-03-02,7061,26093,0,Janet
2016-03-02,7125,26468,0,Charles
2016-03-02,7155,27064,0,Jose
2016-03-02,7171,30082,0,Sean
2016-03-02,7241,32455,0,Susan
2016-03-02,7244,33323,0,Dennis
2016-03-02,7287,33863,0,Patrick
2016-03-02,7360,34234,0,Jennifer
2016-03-02,7423,34369,0,Charles
2016-03-02,7514,36594,0,Barbara
2016-03-02,7606,37997,0,Kimberly
2016-03-02,7607,38962,0,Brian
2016-03-02,7756,41057,0,Dennis
2016-03-02,7787,42973,0,Jason
2016-03-02,7902,44791,0,Barbara
2016-03-02,7906,48490,0,Judy
2016-03-02,7924,49340,0,Karen
2016-03-02,7989,51132,0,Harold
2016-03-02,8097,51548,0,Bobby
2016-03-02,8151,53342,0,Carolyn
2016-03-02,8311,54113,0,Paula
2016-03-02,8413,54408,0,Thomas
2016-03-02,8437,55374,0,Teresa
2016-03-02,8440,56707,0,Jose
2016-03-02,8491,56978,0,Melissa
2016-03-02,8579,59818,0,Virginia
2016-03-02,8604,60355,0,Shirley
2016-03-02,8622,62333,0,Earl
2016-03-02,8656,67479,0,Roy
2016-03-02,8677,69799,0,Paula
2016-03-02,8773,70302,0,George
2016-03-02,8829,71848,0,Frank
2016-03-02,8842,73849,0,Eugene
2016-03-02,8901,58932,65,Nicole
2016-03-02,8944,86429,55,Kathleen
2016-03-02,8972,90959,65,Christina
2016-03-02,9068,87230,25,Phyllis
2016-03-02,9092,34840,75,Doris
2016-03-02,9122,51726,10,Jeffrey
2016-03-02,9228,89780,0,Willie
2016-03-02,9267,67735,25,Janice
2016-03-02,9277,85501,40,Beverly
2016-03-02,9368,59761,65,Rachel
2016-03-02,9389,78408,35,Mildred
2016-03-02,9403,89781,80,Jeffrey
2016-03-02,9406,79101,30,Beverly
2016-03-02,9408,11092,35,Christine
2016-03-02,9419,94083,45,Lillian
2016-03-02,9472,77184,80,Susan
2016-03-02,9503,80394,40,Nicholas
2016-03-02,9587,11753,90,Kimberly
2016-03-02,9705,97336,10,Lawrence
2016-03-02,9789,1050,85,Bonnie
2016-03-02,9814,50467,60,Teresa
2016-03-02,9932,83376,55,Walter
2016-03-02,9986,69030,10,Carl
2016-03-02,9988,95354,75,Nicholas
2016-03-02,10033,60516,65,Martin
2016-03-02,10039,81598,15,Roy
2016-03-02,10146,66648,95,Virginia
2016-03-02,10162,62640,85,Brenda
2016-03-02,10165,98981,0,Rose
2016-03-02,10256,49116,70,Larry
2016-03-02,10325,99789,60,Joshua
2016-03-02,10345,89781,25,Jeffrey
2016-03-02,10352,73967,30,Ruby
2016-03-02,10506,51134,20,Richard
2016-03-02,10519,99789,90,Joshua
2016-03-02,10524,21973,50,Albert
2016-03-02,10526,87230,5,Phyllis
2016-03-02,10586,68071,10,Charles
2016-03-02,10596,83913,45,Matthew
2016-03-02,10620,78002,0,Emily
2016-03-02,10653,39091,0,Ruby
2016-03-02,10669,73967,40,Ruby
2016-03-02,10784,12303,20,Louise
2016-03-02,10814,20033,30,Carol
2016-03-02,10860,31822,80,Denise
2016-03-02,10866,39091,25,Ruby
2016-03-02,10887,29719,100,Ashley
2016-03-02,10902,5333,0,David
2016-03-02,10915,36691,5,Joe
2016-03-02,11001,10068,10,Matthew
2016-03-02,11048,48592,65,Arthur
2016-03-02,11082,87555,45,Jerry
2016-03-02,11292,18941,35,Patricia
2016-03-02,11373,36786,55,Maria
2016-03-02,11376,21334,60,Cynthia
2016-03-02,11468,98981,35,Rose
2016-03-02,11527,20435,90,Jeremy
2016-03-02,11546,8878,60,Elizabeth
2016-03-02,11551,95648,10,Charles
2016-03-02,11649,98727,75,Carol
2016-03-02,11687,73740,0,Julie
2016-03-02,11763,87802,10,Gregory
2016-03-02,11796,32349,40,Jason
2016-03-02,11806,66648,30,Virginia
2016-03-02,11852,533,85,Patrick
2016-03-02,11859,97530,35,Amy
2016-03-02,11880,15225,0,Dorothy
2016-03-02,11890,40093,45,Lori
2016-03-02,11901,60516,0,Martin
2016-03-02,11942,98981,65,Rose
2016-03-02,11960,49008,85,Scott
2016-03-02,11994,73115,60,Maria
2016-03-02,12002,29047,70,Gerald
2016-03-02,12014,57448,10,Earl
2016-03-02,12033,53295,45,Brian
2016-03-02,12059,77749,0,Sarah
2016-03-02,12151,72783,95,Dennis
2016-03-02,12211,70115,95,Stephen
2016-03-02,12304,21973,15,Albert
2016-03-02,12318,16932,95,James
2016-03-02,12422,69030,45,Carl
2016-03-02,12454,78408,25,Mildred
2016-03-02,12472,41558,80,Diana
2016-03-02,12476,77490,60,Kathryn
2016-03-02,12477,59446,50,Kevin
2016-03-02,12503,30845,80,Julia
2016-03-02,12513,2764,5,Robert
2016-03-02,12523,74021,55,Russell
2016-03-02,12537,46328,0,Clarence
2016-03-02,12602,37187,40,John
2016-03-02,12679,99169,85,Nancy
2016-03-02,12776,61280,15,Philip
2016-03-02,12856,40147,45,Benjamin
2016-03-02,12875,78205,55,Jose
2016-03-02,12883,22013,45,James
2016-03-02,12908,47174,5,Marie
2016-03-02,12920,66014,45,Anna
2016-03-02,13066,39091,55,Ruby
2016-03-02,13133,39857,60,Philip
2016-03-03,13148,650,0,Kimberly
2016-03-03,13184,3162,0,Linda
2016-03-03,13187,4413,0,Marilyn
2016-03-03,13211,5478,0,Julia
2016-03-03,13229,5509,0,Kevin
2016-03-03,13289,5990,0,Paul
2016-03-03,13349,7460,0,Donna
2016-03-03,13486,7865,0,Michelle
2016-03-03,13524,7897,0,Gerald
2016-03-03,13647,7978,0,Walter
2016-03-03,13676,8150,0,Christina
2016-03-03,13737,9630,0,Marilyn
2016-03-03,13751,11209,0,Anthony
2016-03-03,13800,12371,0,Martin
2016-03-03,13889,12423,0,Paul
2016-03-03,13905,19773,0,Bobby
2016-03-03,13918,19963,0,Gerald
2016-03-03,13952,20811,0,Margaret
2016-03-03,14164,20888,0,Albert
2016-03-03,14186,21372,0,Jerry
2016-03-03,14245,22165,0,Stephen
2016-03-03,14308,22917,0,Paul
2016-03-03,14387,22949,0,Ronald
2016-03-03,14391,24095,0,Paul
2016-03-03,14517,24576,0,Steven
2016-03-03,14560,26093,0,Janet
2016-03-03,14637,26468,0,Charles
2016-03-03,14654,27064,0,Jose
2016-03-03,14742,30082,0,Sean
2016-03-03,14749,32455,0,Susan
2016-03-03,14760,33323,0,Dennis
2016-03-03,14813,33863,0,Patrick
2016-03-03,14821,34234,0,Jennifer
2016-03-03,14914,34369,0,Charles
2016-03-03,14961,36594,0,Barbara
2016-03-03,14965,37997,0,Kimberly
2016-03-03,15048,38962,0,Brian
2016-03-03,15329,41057,0,Dennis
2016-03-03,15427,42973,0,Jason
2016-03-03,15558,44791,0,Barbara
2016-03-03,15589,48490,0,Judy
2016-03-03,15627,49340,0,Karen
2016-03-03,15748,51132,0,Harold
2016-03-03,15763,51548,0,Bobby
2016-03-03,15839,53342,0,Carolyn
2016-03-03,15913,54113,0,Paula
2016-03-03,16025,54408,0,Thomas
2016-03-03,16051,55374,0,Teresa
2016-03-03,16223,56707,0,Jose
2016-03-03,16248,56978,0,Melissa
2016-03-03,16249,59818,0,Virginia
2016-03-03,16322,60355,0,Shirley
2016-03-03,16327,62333,0,Earl
2016-03-03,16368,67479,0,Roy
2016-03-03,16459,69799,0,Paula
2016-03-03,16505,70302,0,George
2016-03-03,16616,71848,0,Frank
2016-03-03,16680,73849,0,Eugene
2016-03-03,16794,76080,0,Barbara
2016-03-03,17028,2697,25,Earl
2016-03-03,17081,34840,100,Doris
2016-03-03,17188,50467,65,Teresa
2016-03-03,17346,49116,95,Larry
2016-03-03,17382,65113,20,Lawrence
2016-03-03,17385,46518,40,Lillian
2016-03-03,17392,91573,95,Cynthia
2016-03-03,17423,24725,65,Jennifer
2016-03-03,17480,24725,10,Jennifer
2016-03-03,17598,10985,5,Timothy
2016-03-03,17661,97336,90,Lawrence
2016-03-03,17726,15039,10,Ann
2016-03-03,17801,33142,90,Linda
2016-03-03,17817,74861,55,Fred
2016-03-03,17830,18105,15,Roy
2016-03-03,17839,20594,20,Wayne
2016-03-03,17959,67735,10,Janice
2016-03-03,17967,81598,50,Roy
2016-03-03,17970,32540,15,Irene
2016-03-03,18051,79278,80,Phyllis
2016-03-03,18157,16014,35,Andrew
2016-03-03,18197,53808,10,Janet
2016-03-03,18363,69706,0,Matthew
2016-03-03,18389,91573,30,Cynthia
2016-03-03,18482,89991,40,Katherine
2016-03-03,18522,55343,20,Randy
2016-03-03,18583,53295,90,Brian
2016-03-03,18697,90401,55,Shawn
2016-03-03,18819,70287,75,Gloria
2016-03-03,18834,78002,0,Emily
2016-03-03,18864,80682,40,Deborah
2016-03-03,18995,78408,85,Mildred
2016-03-03,19012,46870,90,Christine
2016-03-03,19039,12852,10,Diana
2016-03-03,19056,29719,50,Ashley
2016-03-03,19283,74568,15,Ralph
2016-03-03,19291,56909,60,Arthur
2016-03-03,19440,21657,40,Thomas
2016-03-03,19448,21743,70,Elizabeth
2016-03-03,19501,42368,100,Scott
2016-03-03,19564,31247,50,Judith
2016-03-03,19569,43604,30,Janet
2016-03-03,19578,72237,55,Brandon
2016-03-03,19668,17482,100,Robin
2016-03-03,19705,89164,50,Steve
2016-03-03,19758,75908,50,Rebecca
2016-03-03,19835,50910,20,Harry
2016-03-03,19911,86429,20,Kathleen
2016-03-03,19952,8878,75,Elizabeth
2016-03-03,20007,18105,60,Roy
2016-03-03,20073,83263,15,Johnny
2016-03-03,20130,25398,90,Shirley
2016-03-03,20295,73740,95,Julie
2016-03-03,20298,86065,70,Samuel
2016-03-03,20337,79480,0,Roy
2016-03-03,20388,87555,15,Jerry
2016-03-03,20464,10068,55,Matthew
2016-03-03,20486,59761,50,Rachel
2016-03-03,20567,95958,30,Linda
2016-03-03,20590,31822,10,Denise
2016-03-03,20609,16932,60,James
2016-03-03,20620,12707,50,Antonio
2016-03-03,20664,82956,45,Christina
2016-03-03,20784,59761,60,Rachel
2016-03-03,20945,95647,75,George
2016-03-03,21185,75889,45,Jeremy
2016-03-03,21209,45630,65,Kelly
2016-03-03,21210,80682,0,Deborah
2016-03-04,21226,650,0,Kimberly
2016-03-04,21229,3162,0,Linda
2016-03-04,21445,4413,0,Marilyn
2016-03-04,21482,5478,0,Julia
2016-03-04,21492,5509,0,Kevin
2016-03-04,21497,5990,0,Paul
2016-03-04,21526,7460,0,Donna
2016-03-04,21703,7865,0,Michelle
2016-03-04,21756,7897,0,Gerald
2016-03-04,21781,7978,0,Walter
2016-03-04,21812,8150,0,Christina
2016-03-04,21973,9630,0,Marilyn
2016-03-04,22008,11209,0,Anthony
2016-03-04,22035,12371,0,Martin
2016-03-04,22148,12423,0,Paul
2016-03-04,22150,19773,0,Bobby
2016-03-04,22169,19963,0,Gerald
2016-03-04,22212,20811,0,Margaret
2016-03-04,22313,20888,0,Albert
2016-03-04,22407,21372,0,Jerry
2016-03-04,22456,22165,0,Stephen
2016-03-04,22474,22917,0,Paul
2016-03-04,22485,22949,0,Ronald
2016-03-04,22554,24095,0,Paul
2016-03-04,22588,24576,0,Steven
2016-03-04,22645,26093,0,Janet
2016-03-04,22650,26468,0,Charles
2016-03-04,22743,27064,0,Jose
2016-03-04,22745,30082,0,Sean
2016-03-04,22792,32455,0,Susan
2016-03-04,22811,33323,0,Dennis
2016-03-04,22833,33863,0,Patrick
2016-03-04,22873,34234,0,Jennifer
2016-03-04,23098,34369,0,Charles
2016-03-04,23142,36594,0,Barbara
2016-03-04,23211,37997,0,Kimberly
2016-03-04,23282,38962,0,Brian
2016-03-04,23316,41057,0,Dennis
2016-03-04,23365,42973,0,Jason
2016-03-04,23369,44791,0,Barbara
2016-03-04,23476,48490,0,Judy
2016-03-04,23501,49340,0,Karen
2016-03-04,23508,51132,0,Harold
2016-03-04,23527,51548,0,Bobby
2016-03-04,23528,53342,0,Carolyn
2016-03-04,23541,54113,0,Paula
2016-03-04,23544,54408,0,Thomas
2016-03-04,23596,55374,0,Teresa
2016-03-04,23671,56707,0,Jose
2016-03-04,23676,56978,0,Melissa
2016-03-04,23682,64609,45,Frances
2016-03-04,23732,13923,15,Debra
2016-03-04,23834,51572,100,Deborah
2016-03-04,23869,40816,40,Sara
2016-03-04,23927,49116,70,Larry
2016-03-04,23932,75635,75,Eric
2016-03-04,23993,41336,35,Ernest
2016-03-04,24066,24725,30,Jennifer
2016-03-04,24071,36654,70,Mark
2016-03-04,24098,95183,15,Victor
2016-03-04,24102,78408,50,Mildred
2016-03-04,24166,31151,20,Cheryl
2016-03-04,24198,89737,0,Jeremy
2016-03-04,24243,89780,5,Willie
2016-03-04,24253,15039,5,Ann
2016-03-04,24267,7336,80,Joyce
2016-03-04,24283,13733,95,Phillip
2016-03-04,24413,59446,45,Kevin
2016-03-04,24503,41457,65,Clarence
2016-03-04,24585,533,0,Patrick
2016-03-04,24834,1240,60,Michael
2016-03-04,24996,16932,70,James
2016-03-04,25007,80094,35,Anne
2016-03-04,25011,77217,80,Sarah
2016-03-04,25154,61793,85,Mark
2016-03-04,25156,69660,55,Shirley
2016-03-04,25285,31263,20,Ruth
2016-03-04,25301,30061,60,Julia
2016-03-04,25312,77217,15,Sarah
2016-03-04,25408,47174,70,Marie
2016-03-04,25444,21152,15,Judy
2016-03-04,25476,73716,80,Bobby
2016-03-04,25552,19516,80,Brian
2016-03-04,25593,53548,10,Denise
2016-03-04,25735,21334,70,Cynthia
2016-03-04,25744,90612,0,Edward
2016-03-04,25755,29719,95,Ashley
2016-03-04,25781,69928,5,Chris
2016-03-04,25799,93664,50,Keith
2016-03-04,25830,72721,100,Michelle
2016-03-04,25906,37492,25,Brian
2016-03-04,25939,16257,100,Benjamin
2016-03-04,25972,62640,40,Brenda
2016-03-04,26020,80580,85,Ralph
2016-03-04,26023,86845,35,Wayne
2016-03-04,26126,84307,65,Evelyn
2016-03-04,26133,70287,40,Gloria
2016-03-04,26146,90531,20,Jack
2016-03-04,26147,39831,60,Douglas
2016-03-04,26202,11092,20,Christine
2016-03-04,26645,19904,40,Bobby
2016-03-04,26741,42573,25,Samuel
2016-03-04,26781,15225,10,Dorothy
2016-03-04,26786,50910,10,Harry
2016-03-04,26795,79136,90,Jennifer
2016-03-04,26818,7891,0,Stephanie
2016-03-04,26839,81314,25,Denise
2016-03-04,26850,59943,85,Philip
2016-03-04,26908,28201,80,Jason
2016-03-04,26958,80744,95,Alan
2016-03-04,26967,533,15,Patrick
2016-03-04,27030,93361,10,Louis
2016-03-04,27073,14737,35,Willie
2016-03-04,27106,85006,10,Martha
2016-03-04,27128,36562,55,Mark
2016-03-04,27149,40093,85,Lori
2016-03-04,27262,50467,20,Teresa
2016-03-04,27314,69706,45,Matthew
2016-03-04,27334,30845,65,Julia
2016-03-04,27403,73374,75,Doris
2016-03-04,27552,66014,30,Anna
2016-03-04,27566,63715,85,Donald
2016-03-04,27627,12707,55,Antonio
2016-03-04,27673,54807,25,Daniel
2016-03-04,27726,82956,60,Christina
2016-03-04,27727,42368,75,Scott
2016-03-04,27822,47258,75,Richard
2016-03-04,27889,72783,95,Dennis
2016-03-04,27906,78408,5,Mildred
2016-03-04,27955,80682,0,Deborah
2016-03-04,27972,81511,90,Howard
2016-03-04,27990,14737,25,Willie
2016-03-04,28008,72783,90,Dennis
2016-03-04,28018,24420,80,Chris
2016-03-04,28040,95648,20,Charles
2016-03-04,28042,19540,60,Christine
2016-03-04,28043,25226,90,Bonnie
2016-03-04,28066,10985,85,Timothy
2016-03-04,28120,44598,50,Timothy
2016-03-04,28178,30845,35,Julia
2016-03-04,28189,44397,30,Brandon
2016-03-04,28215,6508,90,Gloria
2016-03-05,28276,650,0,Kimberly
2016-03-05,28277,3162,0,Linda
2016-03-05,28308,4413,0,Marilyn
2016-03-05,28368,5478,0,Julia
2016-03-05,28404,5509,0,Kevin
2016-03-05,28444,5990,0,Paul
2016-03-05,28471,7460,0,Donna
2016-03-05,28493,7865,0,Michelle
2016-03-05,28496,7897,0,Gerald
2016-03-05,28526,7978,0,Walter
2016-03-05,28627,8150,0,Christina
2016-03-05,28652,9630,0,Marilyn
2016-03-05,28772,11209,0,Anthony
2016-03-05,28790,12371,0,Martin
2016-03-05,28792,12423,0,Paul
2016-03-05,28795,19773,0,Bobby
2016-03-05,28919,19963,0,Gerald
2016-03-05,28938,20811,0,Margaret
2016-03-05,29096,20888,0,Albert
2016-03-05,29100,21372,0,Jerry
2016-03-05,29117,22165,0,Stephen
2016-03-05,29180,22917,0,Paul
2016-03-05,29230,22949,0,Ronald
2016-03-05,29301,24095,0,Paul
2016-03-05,29376,24576,0,Steven
2016-03-05,29400,26093,0,Janet
2016-03-05,29414,26468,0,Charles
2016-03-05,29419,27064,0,Jose
2016-03-05,29490,30082,0,Sean
2016-03-05,29548,32455,0,Susan
2016-03-05,29581,33323,0,Dennis
2016-03-05,29608,33863,0,Patrick
2016-03-05,29629,34234,0,Jennifer
2016-03-05,29759,34369,0,Charles
2016-03-05,29785,36594,0,Barbara
2016-03-05,29804,37997,0,Kimberly
2016-03-05,29829,38962,0,Brian
2016-03-05,29834,41057,0,Dennis
2016-03-05,29889,42973,0,Jason
2016-03-05,29905,44791,0,Barbara
2016-03-05,29940,48490,0,Judy
2016-03-05,29944,49340,0,Karen
2016-03-05,29992,51132,0,Harold
2016-03-05,29993,51548,0,Bobby
2016-03-05,29997,53342,0,Carolyn
2016-03-05,30120,54113,0,Paula
2016-03-05,30125,54408,0,Thomas
2016-03-05,30128,55374,0,Teresa
2016-03-05,30150,56707,0,Jose
2016-03-05,30289,56978,0,Melissa
2016-03-05,30311,59818,0,Virginia
2016-03-05,30313,60355,0,Shirley
2016-03-05,30340,62333,0,Earl
2016-03-05,30440,67479,0,Roy
2016-03-05,30443,69799,0,Paula
2016-03-05,30490,70302,0,George
2016-03-05,30544,71848,0,Frank
2016-03-05,30654,73849,0,Eugene
2016-03-05,30680,76080,0,Barbara
2016-03-05,30718,77963,0,Michelle
2016-03-05,30832,79449,0,Kathryn
2016-03-05,30871,80214,0,Nicholas
2016-03-05,30910,83245,0,Steve
2016-03-05,31033,83772,0,Judy
2016-03-05,31107,86195,0,Craig
2016-03-05,31118,86284,0,Howard
2016-03-05,31152,88706,0,Alan
2016-03-05,31206,40093,55,Lori
2016-03-05,31302,90612,50,Edward
2016-03-05,31328,7891,10,Stephanie
2016-03-05,31372,68071,75,Charles
2016-03-05,31398,40093,50,Lori
2016-03-05,31401,20574,85,Clarence
2016-03-05,31414,39091,70,Ruby
2016-03-05,31420,16932,55,James
2016-03-05,31496,53808,20,Janet
2016-03-05,31550,44690,0,Christina
2016-03-05,31588,1050,75,Bonnie
2016-03-05,31637,73426,20,Edward
2016-03-05,31703,86065,30,Samuel
2016-03-05,31761,14113,5,David
2016-03-05,31807,67735,30,Janice
2016-03-05,31874,80648,10,Michael
2016-03-05,31935,77490,60,Kathryn
2016-03-05,32094,50503,5,Nicholas
2016-03-05,32104,46518,20,Lillian
2016-03-05,32207,13224,10,Dorothy
2016-03-05,32214,73115,50,Maria
2016-03-05,32217,13391,25,Evelyn
2016-03-05,32267,15054,75,Emily
2016-03-05,32325,44214,35,Dorothy
2016-03-05,32342,41558,60,Diana
2016-03-05,32429,597,60,Lisa
2016-03-05,32464,83643,85,Earl
2016-03-05,32521,99169,55,Nancy
2016-03-05,32550,83643,100,Earl
2016-03-05,32564,79,60,Rose
2016-03-05,32570,54045,35,Catherine
2016-03-05,32583,81186,45,Brenda
2016-03-05,32590,57572,70,Margaret
2016-03-05,32658,97530,50,Amy
2016-03-05,32761,41336,30,Ernest
2016-03-05,32826,83371,90,Cynthia
2016-03-05,32835,90612,30,Edward
2016-03-05,32852,89814,5,Jane
2016-03-05,32875,20574,25,Clarence
2016-03-05,32985,91573,50,Cynthia
2016-03-05,32986,31822,55,Denise
2016-03-05,32996,31822,20,Denise
2016-03-05,33079,43604,85,Janet
2016-03-05,33143,30845,20,Julia
2016-03-05,33159,16700,45,Tammy
2016-03-05,33162,40816,50,Sara
2016-03-05,33169,19904,70,Bobby
2016-03-05,33317,39441,10,Joyce
2016-03-05,33343,50874,100,Bruce
2016-03-05,33362,57572,65,Margaret
2016-03-05,33433,32710,15,Shawn
2016-03-05,33437,75635,30,Eric
2016-03-05,33517,7891,5,Stephanie
2016-03-05,33538,88484,65,Jean
2016-03-05,33551,92654,85,Joyce
2016-03-05,33556,66702,75,Nicholas
2016-03-05,33570,40816,55,Sara
2016-03-05,33576,5327,90,Harry
2016-03-05,33684,60517,25,Martha
2016-03-05,33708,20033,50,Carol
2016-03-05,33765,49116,95,Larry
2016-03-05,33939,5026,30,Jennifer
2016-03-05,33952,71152,55,Paula
2016-03-05,33967,62640,50,Brenda
2016-03-05,33993,93361,10,Louis
2016-03-05,34134,35492,25,Walter
2016-03-05,34145,68071,20,Charles
2016-03-05,34148,26701,60,Bobby
2016-03-05,34150,34840,95,Doris
2016-03-05,34164,48592,65,Arthur
2016-03-05,34227,73967,30,Ruby
2016-03-05,34282,34794,15,Jimmy
2016-03-05,34293,73374,40,Doris
2016-03-05,34388,81314,15,Denise
2016-03-05,34389,79480,90,Roy
2016-03-05,34410,83376,75,Walter
2016-03-05,34419,36691,95,Joe
2016-03-05,34425,73716,60,Bobby
2016-03-05,34558,44690,0,Christina
2016-03-05,34657,6259,40,Kelly
2016-03-05,34683,11753,5,Kimberly
2016-03-05,34854,6508,20,Gloria
2016-03-05,34984,56107,50,Kelly
2016-03-05,35070,3124,40,Joe
2016-03-05,35167,11753,45,Kimberly
2016-03-05,35184,13733,80,Phillip
2016-03-05,35195,99789,45,Joshua
2016-03-05,35221,50910,70,Harry
2016-03-06,35252,650,0,Kimberly
2016-03-06,35293,3162,0,Linda
2016-03-06,35300,4413,0,Marilyn
2016-03-06,35310,5478,0,Julia
2016-03-06,35341,5509,0,Kevin
2016-03-06,35370,5990,0,Paul
2016-03-06,35376,7460,0,Donna
2016-03-06,35429,7865,0,Michelle
2016-03-06,35497,7897,0,Gerald
2016-03-06,35530,7978,0,Walter
2016-03-06,35569,8150,0,Christina
2016-03-06,35740,9630,0,Marilyn
2016-03-06,35744,11209,0,Anthony
2016-03-06,35787,12371,0,Martin
2016-03-06,35878,12423,0,Paul
2016-03-06,35937,19773,0,Bobby
2016-03-06,35990,19963,0,Gerald
2016-03-06,36080,20811,0,Margaret
2016-03-06,36152,20888,0,Albert
2016-03-06,36181,21372,0,Jerry
2016-03-06,36187,22165,0,Stephen
2016-03-06,36279,22917,0,Paul
2016-03-06,36317,22949,0,Ronald
2016-03-06,36349,24095,0,Paul
2016-03-06,36494,24576,0,Steven
2016-03-06,36561,26093,0,Janet
2016-03-06,36707,26468,0,Charles
2016-03-06,36736,27064,0,Jose
2016-03-06,36783,30082,0,Sean
2016-03-06,36821,32455,0,Susan
2016-03-06,36852,33323,0,Dennis
2016-03-06,36890,33863,0,Patrick
2016-03-06,37032,34234,0,Jennifer
2016-03-06,37120,34369,0,Charles
2016-03-06,37134,36594,0,Barbara
2016-03-06,37164,37997,0,Kimberly
2016-03-06,37220,38962,0,Brian
2016-03-06,37223,41057,0,Dennis
2016-03-06,37231,42973,0,Jason
2016-03-06,37269,44791,0,Barbara
2016-03-06,37315,48490,0,Judy
2016-03-06,37540,49340,0,Karen
2016-03-06,37581,51132,0,Harold
2016-03-06,37615,51548,0,Bobby
2016-03-06,37629,53342,0,Carolyn
2016-03-06,37670,54113,0,Paula
2016-03-06,37678,54408,0,Thomas
2016-03-06,37692,55374,0,Teresa
2016-03-06,37721,56707,0,Jose
2016-03-06,37799,56978,0,Melissa
2016-03-06,37804,59818,0,Virginia
2016-03-06,37838,60355,0,Shirley
2016-03-06,37848,62333,0,Earl
2016-03-06,37885,67479,0,Roy
2016-03-06,37948,69799,0,Paula
2016-03-06,38011,70302,0,George
2016-03-06,38029,71848,0,Frank
2016-03-06,38051,73849,0,Eugene
2016-03-06,38057,76080,0,Barbara
2016-03-06,38075,84307,25,Evelyn
2016-03-06,38088,43604,90,Janet
2016-03-06,38139,95934,95,Christine
2016-03-06,38175,90959,100,Christina
2016-03-06,38186,95335,100,Lawrence
2016-03-06,38215,5327,65,Harry
2016-03-06,38231,93764,95,Dennis
2016-03-06,38234,93494,35,Laura
2016-03-06,38243,3222,0,Carol
2016-03-06,38315,41618,0,Steve
2016-03-06,38320,66627,55,Craig
2016-03-06,38332,27789,80,Helen
2016-03-06,38394,72783,5,Dennis
2016-03-06,38407,75908,80,Rebecca
2016-03-06,38416,57572,95,Margaret
2016-03-06,38601,94083,25,Lillian
2016-03-06,38605,8894,60,Joseph
2016-03-06,38651,47258,100,Richard
2016-03-06,38764,8894,100,Joseph
2016-03-06,38786,54967,20,Kenneth
2016-03-06,38789,85948,40,Mark
2016-03-06,38823,3018,30,Maria
2016-03-06,38858,75635,85,Eric
2016-03-06,38941,13733,40,Phillip
2016-03-06,38954,84307,20,Evelyn
2016-03-06,39010,2345,100,Joe
2016-03-06,39045,84254,80,Diane
2016-03-06,39062,20594,80,Wayne
2016-03-06,39068,16700,90,Tammy
2016-03-06,39079,29445,20,Carlos
2016-03-06,39106,73426,0,Edward
2016-03-06,39115,20435,75,Jeremy
2016-03-06,39123,42115,90,Adam
2016-03-06,39124,75233,95,Pamela
2016-03-06,39170,83669,30,Alan
2016-03-06,39194,15039,100,Ann
2016-03-06,39347,72783,35,Dennis
2016-03-06,39413,84307,80,Evelyn
2016-03-06,39441,15999,60,Nancy
2016-03-06,39468,81064,100,Albert
2016-03-06,39500,87277,75,Jimmy
2016-03-06,39545,19736,40,Dorothy
2016-03-06,39551,18317,75,Christina
2016-03-06,39564,98981,0,Rose
2016-03-06,39599,58141,30,Nicholas
2016-03-06,39622,68435,100,Thomas
2016-03-06,39623,50503,40,Nicholas
2016-03-06,39745,69101,0,Stephen
2016-03-06,39786,84307,90,Evelyn
2016-03-06,39836,15225,65,Dorothy
2016-03-06,40009,10629,20,John
2016-03-06,40034,36786,40,Maria
2016-03-06,40061,94104,85,Patrick
2016-03-06,40063,15498,30,Norma
2016-03-06,40168,24725,45,Jennifer
2016-03-06,40191,86065,35,Samuel
2016-03-06,40248,68071,85,Charles
2016-03-06,40280,23794,20,Alan
2016-03-06,40358,22013,5,James
2016-03-06,40488,10985,0,Timothy
2016-03-06,40506,74021,85,Russell
2016-03-06,40567,40816,85,Sara
2016-03-06,40608,31618,90,Sara
2016-03-06,40631,18050,5,Andrew
2016-03-06,40674,78143,5,Diana
2016-03-06,40706,597,65,Lisa
2016-03-06,40710,27725,85,Ann
2016-03-06,40839,90030,75,Martin
2016-03-06,40899,89737,60,Jeremy
2016-03-06,40907,40816,55,Sara
2016-03-06,40951,75635,65,Eric
2016-03-06,40970,37492,15,Brian
2016-03-06,41012,46870,70,Christine
2016-03-06,41041,75635,30,Eric
2016-03-06,41137,73374,90,Doris
2016-03-06,41296,15158,40,Jonathan
2016-03-06,41374,62325,85,Marie
2016-03-06,41496,15225,60,Dorothy
2016-03-06,41508,94104,55,Patrick
2016-03-06,41524,51775,85,Bobby
2016-03-06,41551,6508,90,Gloria
2016-03-06,41677,85948,35,Mark
2016-03-06,41754,70287,25,Gloria
2016-03-06,41801,8878,35,Elizabeth
2016-03-06,41808,33245,80,Melissa
2016-03-06,41809,24725,55,Jennifer
2016-03-06,41820,14826,25,Brandon
2016-03-06,41827,94083,75,Lillian
2016-03-06,41859,19761,60,Christopher
2016-03-06,41959,68435,95,Thomas
2016-03-06,41966,31151,100,Cheryl
2016-03-06,42002,79278,75,Phyllis
2016-03-06,42027,59761,80,Rachel
2016-03-06,42091,65875,40,Carolyn
2016-03-06,42115,21743,100,Elizabeth
2016-03-06,42150,46870,80,Christine
2016-03-07,42153,650,0,Kimberly
2016-03-07,42296,3162,0,Linda
2016-03-07,42341,4413,0,Marilyn
2016-03-07,42365,5478,0,Julia
2016-03-07,42390,5509,0,Kevin
2016-03-07,42481,5990,0,Paul
2016-03-07,42484,7460,0,Donna
2016-03-07,42500,7865,0,Michelle
2016-03-07,42545,7897,0,Gerald
2016-03-07,42600,7978,0,Walter
2016-03-07,42652,8150,0,Christina
2016-03-07,42726,9630,0,Marilyn
2016-03-07,42772,11209,0,Anthony
2016-03-07,42840,12371,0,Martin
2016-03-07,42851,12423,0,Paul
2016-03-07,42925,19773,0,Bobby
2016-03-07,42948,19963,0,Gerald
2016-03-07,43014,20811,0,Margaret
2016-03-07,43021,20888,0,Albert
2016-03-07,43050,21372,0,Jerry
2016-03-07,43107,22165,0,Stephen
2016-03-07,43124,22917,0,Paul
2016-03-07,43194,22949,0,Ronald
2016-03-07,43208,24095,0,Paul
2016-03-07,43292,24576,0,Steven
2016-03-07,43374,26093,0,Janet
2016-03-07,43396,26468,0,Charles
2016-03-07,43504,27064,0,Jose
2016-03-07,43554,30082,0,Sean
2016-03-07,43619,32455,0,Susan
2016-03-07,43624,33323,0,Dennis
2016-03-07,43627,33863,0,Patrick
2016-03-07,43630,34234,0,Jennifer
2016-03-07,43634,34369,0,Charles
2016-03-07,43710,36594,0,Barbara
2016-03-07,43740,39857,85,Philip
2016-03-07,43759,64823,100,Bruce
2016-03-07,43787,73740,75,Julie
2016-03-07,43805,57824,70,Diana
2016-03-07,43939,98835,10,Gary
2016-03-07,43953,13391,85,Evelyn
2016-03-07,44003,18105,80,Roy
2016-03-07,44068,80682,50,Deborah
2016-03-07,44073,64790,70,Dorothy
2016-03-07,44081,54899,60,Amy
2016-03-07,44193,39434,30,Rebecca
2016-03-07,44196,64823,60,Bruce
2016-03-07,44208,21219,75,Arthur
2016-03-07,44307,80682,5,Deborah
2016-03-07,44322,80682,10,Deborah
2016-03-07,44354,36654,25,Mark
2016-03-07,44534,51775,85,Bobby
2016-03-07,44580,94083,85,Lillian
2016-03-07,44588,90030,25,Martin
2016-03-07,44723,77749,90,Sarah
2016-03-07,44773,95354,70,Nicholas
2016-03-07,44786,55343,15,Randy
2016-03-07,44820,73716,10,Bobby
2016-03-07,44876,81242,90,Frances
2016-03-07,44944,14113,5,David
2016-03-07,44950,39831,0,Douglas
2016-03-07,44962,87555,90,Jerry
2016-03-07,44977,62640,30,Brenda
2016-03-07,44990,88484,0,Jean
2016-03-07,45042,44217,35,Sharon
2016-03-07,45098,83371,15,Cynthia
2016-03-07,45144,14826,35,Brandon
2016-03-07,45276,99789,35,Joshua
2016-03-07,45369,99169,55,Nancy
2016-03-07,45482,81186,30,Brenda
2016-03-07,45516,68845,0,Harry
2016-03-07,45614,69149,50,Elizabeth
2016-03-07,45655,80682,5,Deborah
2016-03-07,45688,9198,35,Lawrence
2016-03-07,45708,53940,30,Kathy
2016-03-07,45766,3018,20,Maria
2016-03-07,45794,30061,90,Julia
2016-03-07,45865,34294,50,Lillian
2016-03-07,45891,2820,40,Amy
2016-03-07,45899,98780,80,Nancy
2016-03-07,45950,84640,50,Douglas
2016-03-07,45951,20435,50,Jeremy
2016-03-07,46042,54807,60,Daniel
2016-03-07,46069,62078,25,Lillian
2016-03-07,46115,31247,90,Judith
2016-03-07,46163,31221,0,Susan
2016-03-07,46169,16747,10,Anna
2016-03-07,46253,80902,55,Julia
2016-03-07,46305,53940,45,Kathy
2016-03-07,46335,70689,50,Joan
2016-03-07,46372,42672,75,Louis
2016-03-07,46398,89991,60,Katherine
2016-03-07,46412,14737,65,Willie
2016-03-07,46424,56107,60,Kelly
2016-03-07,46458,1240,95,Michael
2016-03-07,46566,78993,45,Jeremy
2016-03-07,46569,61010,75,Rachel
2016-03-07,46576,73716,85,Bobby
2016-03-07,46606,533,55,Patrick
2016-03-07,46673,79480,70,Roy
2016-03-07,46711,7891,50,Stephanie
2016-03-07,46809,30073,65,Harry
2016-03-07,46811,41558,85,Diana
2016-03-07,46832,99149,20,Timothy
2016-03-07,46956,30061,20,Julia
2016-03-07,47361,98727,80,Carol
2016-03-07,47458,95647,70,George
2016-03-07,47515,6775,20,Victor
2016-03-07,47520,62078,85,Lillian
2016-03-08,47557,650,0,Kimberly
2016-03-08,47585,3162,0,Linda
2016-03-08,47676,4413,0,Marilyn
2016-03-08,47706,5478,0,Julia
2016-03-08,47733,5509,0,Kevin
2016-03-08,47870,5990,0,Paul
2016-03-08,47892,7460,0,Donna
2016-03-08,47908,7865,0,Michelle
2016-03-08,47968,7897,0,Gerald
2016-03-08,47976,7978,0,Walter
2016-03-08,48048,8150,0,Christina
2016-03-08,48051,9630,0,Marilyn
2016-03-08,48152,11209,0,Anthony
2016-03-08,48159,12371,0,Martin
2016-03-08,48241,12423,0,Paul
2016-03-08,48257,19773,0,Bobby
2016-03-08,48476,19963,0,Gerald
2016-03-08,48524,20811,0,Margaret
2016-03-08,48591,20888,0,Albert
2016-03-08,48679,21372,0,Jerry
2016-03-08,48791,22165,0,Stephen
2016-03-08,48822,22917,0,Paul
2016-03-08,48863,22949,0,Ronald
2016-03-08,48877,24095,0,Paul
2016-03-08,48897,24576,0,Steven
2016-03-08,48914,26093,0,Janet
2016-03-08,48928,26468,0,Charles
2016-03-08,49029,27064,0,Jose
2016-03-08,49069,30082,0,Sean
2016-03-08,49132,32455,0,Susan
2016-03-08,49189,33323,0,Dennis
2016-03-08,49210,33863,0,Patrick
2016-03-08,49234,34234,0,Jennifer
2016-03-08,49277,34369,0,Charles
2016-03-08,49297,36594,0,Barbara
2016-03-08,49393,37997,0,Kimberly
2016-03-08,49485,38962,0,Brian
2016-03-08,49522,41057,0,Dennis
2016-03-08,49567,42973,0,Jason
2016-03-08,49592,44791,0,Barbara
2016-03-08,49629,48490,0,Judy
2016-03-08,49778,49340,0,Karen
2016-03-08,49938,51132,0,Harold
2016-03-08,49960,51548,0,Bobby
2016-03-08,49965,53342,0,Carolyn
2016-03-08,50010,54113,0,Paula
2016-03-08,50029,54408,0,Thomas
2016-03-08,50060,55374,0,Teresa
2016-03-08,50062,56707,0,Jose
2016-03-08,50081,56978,0,Melissa
2016-03-08,50145,59818,0,Virginia
2016-03-08,50186,60355,0,Shirley
2016-03-08,50288,62333,0,Earl
2016-03-08,50310,67479,0,Roy
2016-03-08,50329,69799,0,Paula
2016-03-08,50603,70302,0,George
2016-03-08,50747,71848,0,Frank
2016-03-08,50767,73849,0,Eugene
2016-03-08,50955,76080,0,Barbara
2016-03-08,50973,77963,0,Michelle
2016-03-08,50977,79449,0,Kathryn
2016-03-08,51061,80214,0,Nicholas
2016-03-08,51093,83245,0,Steve
2016-03-08,51181,83772,0,Judy
2016-03-08,51244,86195,0,Craig
2016-03-08,51328,86284,0,Howard
2016-03-08,51447,88706,0,Alan
2016-03-08,51448,89638,0,Antonio
2016-03-08,51463,90236,0,Jesse
2016-03-08,51544,89781,70,Jeffrey
2016-03-08,51586,46518,15,Lillian
2016-03-08,51599,90959,45,Christina
2016-03-08,51614,54899,30,Amy
2016-03-08,51626,32710,30,Shawn
2016-03-08,51685,16530,55,Alan
2016-03-08,51858,81492,50,Ralph
2016-03-08,51915,91095,65,Doris
2016-03-08,52067,3374,80,Paula
2016-03-08,52154,16014,10,Andrew
2016-03-08,52287,42368,70,Scott
2016-03-08,52292,10985,45,Timothy
2016-03-08,52391,84640,40,Douglas
2016-03-08,52432,2873,55,Pamela
2016-03-08,52473,89737,25,Jeremy
2016-03-08,52511,55343,60,Randy
2016-03-08,52518,27725,5,Ann
2016-03-08,52528,16234,55,Keith
2016-03-08,52537,39857,95,Philip
2016-03-08,52556,57527,70,Ryan
2016-03-08,52647,13901,35,Evelyn
2016-03-08,52676,31822,50,Denise
2016-03-08,52686,20604,5,Carolyn
2016-03-08,52696,45630,100,Kelly
2016-03-08,52800,50503,85,Nicholas
2016-03-08,52802,95928,80,Russell
2016-03-08,52810,83371,60,Cynthia
2016-03-08,52908,42573,85,Samuel
2016-03-08,52916,54180,95,Sara
2016-03-08,52985,83509,30,Sharon
2016-03-08,53059,99149,35,Timothy
2016-03-08,53155,61816,50,Kenneth
2016-03-08,53247,55050,40,Jerry
2016-03-08,53265,11092,65,Christine
2016-03-08,53297,73695,50,Julie
2016-03-08,53302,86429,60,Kathleen
2016-03-08,53323,22750,0,Mildred
2016-03-08,53388,39091,60,Ruby
2016-03-08,53424,49008,55,Scott
2016-03-08,53426,18003,15,Jean
2016-03-08,53441,22780,55,Melissa
2016-03-08,53515,43604,90,Janet
2016-03-08,53533,81186,80,Brenda
2016-03-08,53779,98981,0,Rose
2016-03-08,53835,80902,5,Julia
2016-03-08,53932,77490,25,Kathryn
2016-03-08,53945,54180,55,Sara
2016-03-08,53952,6030,60,James
2016-03-08,54019,44690,80,Christina
2016-03-08,54093,62325,25,Marie
2016-03-08,54139,85948,25,Mark
2016-03-08,54177,19552,60,Lillian
2016-03-08,54281,10985,90,Timothy
2016-03-08,54326,40266,85,Dennis
2016-03-08,54329,21657,50,Thomas
2016-03-08,54344,84254,100,Diane
2016-03-08,54425,74763,20,Jessica
2016-03-08,54571,77184,25,Susan
2016-03-08,54591,66648,55,Virginia
2016-03-08,54642,94251,30,Adam
2016-03-08,54651,18497,90,Jesse
2016-03-08,54666,73470,30,Paul
2016-03-08,54784,7891,25,Stephanie
2016-03-08,54789,1240,55,Michael
2016-03-08,54918,9643,95,Lori
2016-03-08,54956,73716,25,Bobby
2016-03-08,54973,69660,85,Shirley
2016-03-08,55110,18105,85,Roy
2016-03-08,55121,68566,80,Karen
2016-03-08,55137,18105,20,Roy
2016-03-08,55185,3018,40,Maria
2016-03-08,55219,14737,100,Willie
2016-03-08,55223,83669,10,Alan
2016-03-08,55308,44397,35,Brandon
2016-03-08,55311,14113,65,David
2016-03-08,55353,74186,60,Jeremy
2016-03-08,55387,87230,25,Phyllis
2016-03-08,55529,80648,30,Michael
2016-03-08,55575,23101,65,Sandra
2016-03-08,55841,44690,100,Christina
2016-03-08,55846,50503,0,Nicholas
2016-03-08,55857,2697,10,Earl
2016-03-08,55937,50467,10,Teresa
2016-03-09,55967,650,0,Kimberly
2016-03-09,56000,3162,0,Linda
2016-03-09,56082,4413,0,Marilyn
2016-03-09,56095,5478,0,Julia
2016-03-09,56104,5509,0,Kevin
2016-03-09,56148,5990,0,Paul
2016-03-09,56149,7460,0,Donna
2016-03-09,56186,7865,0,Michelle
2016-03-09,56190,7897,0,Gerald
2016-03-09,56251,7978,0,Walter
2016-03-09,56294,8150,0,Christina
2016-03-09,56602,9630,0,Marilyn
2016-03-09,56629,11209,0,Anthony
2016-03-09,56696,12371,0,Martin
2016-03-09,56752,12423,0,Paul
2016-03-09,56908,19773,0,Bobby
2016-03-09,57039,19963,0,Gerald
2016-03-09,57064,20811,0,Margaret
2016-03-09,57067,20888,0,Albert
2016-03-09,57095,21372,0,Jerry
2016-03-09,57126,22165,0,Stephen
2016-03-09,57263,22917,0,Paul
2016-03-09,57283,22949,0,Ronald
2016-03-09,57329,24095,0,Paul
2016-03-09,57330,24576,0,Steven
2016-03-09,57331,26093,0,Janet
2016-03-09,57350,26468,0,Charles
2016-03-09,57362,27064,0,Jose
2016-03-09,57396,30082,0,Sean
2016-03-09,57563,32455,0,Susan
2016-03-09,57626,33323,0,Dennis
2016-03-09,57631,33863,0,Patrick
2016-03-09,57663,34234,0,Jennifer
2016-03-09,57684,34369,0,Charles
2016-03-09,57759,36594,0,Barbara
2016-03-09,57782,37997,0,Kimberly
2016-03-09,57821,38962,0,Brian
2016-03-09,57827,41057,0,Dennis
2016-03-09,57873,42973,0,Jason
2016-03-09,57877,44791,0,Barbara
2016-03-09,57897,48490,0,Judy
2016-03-09,57910,49340,0,Karen
2016-03-09,57972,51132,0,Harold
2016-03-09,58034,51548,0,Bobby
2016-03-09,58107,53342,0,Carolyn
2016-03-09,58182,54113,0,Paula
2016-03-09,58184,54408,0,Thomas
2016-03-09,58194,55374,0,Teresa
2016-03-09,58199,56707,0,Jose
2016-03-09,58212,56978,0,Melissa
2016-03-09,58218,59818,0,Virginia
2016-03-09,58231,60355,0,Shirley
2016-03-09,58343,62333,0,Earl
2016-03-09,58362,67479,0,Roy
2016-03-09,58438,69799,0,Paula
2016-03-09,58488,70302,0,George
2016-03-09,58528,71848,0,Frank
2016-03-09,58543,73849,0,Eugene
2016-03-09,58618,76080,0,Barbara
2016-03-09,58660,77963,0,Michelle
2016-03-09,58736,79449,0,Kathryn
2016-03-09,58792,80214,0,Nicholas
2016-03-09,59053,83245,0,Steve
2016-03-09,59064,83772,0,Judy
2016-03-09,59100,86195,0,Craig
2016-03-09,59144,86284,0,Howard
2016-03-09,59263,88706,0,Alan
2016-03-09,59312,89638,0,Antonio
2016-03-09,59370,90236,0,Jesse
2016-03-09,59376,91640,0,Debra
2016-03-09,59397,91744,0,Harold
2016-03-09,59398,92783,0,Justin
2016-03-09,59439,92840,0,Harold
2016-03-09,59628,73716,80,Bobby
2016-03-09,59681,62078,30,Lillian
2016-03-09,59783,21334,100,Cynthia
2016-03-09,59821,51872,65,Rose
2016-03-09,59867,40093,45,Lori
2016-03-09,59935,53072,60,Douglas
2016-03-09,59953,15225,75,Dorothy
2016-03-09,60027,75635,100,Eric
2016-03-09,60100,46977,90,Russell
2016-03-09,60110,89310,60,Bruce
2016-03-09,60191,5026,100,Jennifer
2016-03-09,60283,6944,95,David
2016-03-09,60289,60516,25,Martin
2016-03-09,60341,31247,30,Judith
2016-03-09,60392,21743,0,Elizabeth
2016-03-09,60442,21866,10,Justin
2016-03-09,60457,83376,70,Walter
2016-03-09,60526,20594,60,Wayne
2016-03-09,60595,33782,95,Jeremy
2016-03-09,60661,81492,75,Ralph
2016-03-09,60711,3374,100,Paula
2016-03-09,60729,31221,15,Susan
2016-03-09,60784,10985,90,Timothy
2016-03-09,60892,95648,90,Charles
2016-03-09,60980,22780,30,Melissa
2016-03-09,61018,57572,80,Margaret
2016-03-09,61098,41558,5,Diana
2016-03-09,61171,12852,15,Diana
2016-03-09,61232,77217,80,Sarah
2016-03-09,61244,74486,95,Frances
2016-03-09,61257,18941,70,Patricia
2016-03-09,61287,32353,75,Rose
2016-03-09,61312,463,10,Frank
2016-03-09,61367,23101,55,Sandra
2016-03-09,61442,84254,65,Diane
2016-03-09,61466,33142,45,Linda
2016-03-09,61467,89164,80,Steve
2016-03-09,61470,13391,70,Evelyn
2016-03-09,61581,20574,50,Clarence
2016-03-09,61803,29451,90,Ryan
2016-03-09,61894,433,60,Angela
2016-03-09,61955,59761,25,Rachel
2016-03-09,61971,58485,85,Debra
2016-03-09,61995,31221,95,Susan
2016-03-09,62027,29445,35,Carlos
2016-03-09,62028,74658,80,Linda
2016-03-09,62065,97336,0,Lawrence
2016-03-09,62157,16234,10,Keith
2016-03-09,62280,78002,40,Emily
2016-03-09,62410,40816,10,Sara
2016-03-09,62427,41618,40,Steve
2016-03-09,62458,87230,40,Phyllis
2016-03-09,62459,80178,10,Carolyn
2016-03-09,62568,31221,45,Susan
2016-03-09,62615,15071,40,Dorothy
2016-03-09,62621,34840,10,Doris
2016-03-09,62642,93664,100,Keith
2016-03-09,62805,99617,40,Mary
2016-03-09,62842,21866,70,Justin
2016-03-09,62961,73374,55,Doris
2016-03-09,63060,62078,20,Lillian
2016-03-09,63085,81474,20,Bonnie
2016-03-09,63091,46082,80,Paul
2016-03-09,63093,79658,100,Tina
2016-03-09,63139,65716,20,Sarah
2016-03-09,63161,42368,25,Scott
2016-03-09,63162,18003,5,Jean
2016-03-09,63243,22744,30,Norma
2016-03-09,63264,46518,30,Lillian
2016-03-09,63279,81186,5,Brenda
2016-03-09,63455,81598,10,Roy
2016-03-09,63619,95648,95,Charles
2016-03-09,63639,62078,10,Lillian
2016-03-09,63657,18497,35,Jesse
2016-03-09,63699,58891,95,David
2016-03-09,63728,18050,0,Andrew
2016-03-09,63773,70689,30,Joan
2016-03-09,63798,44397,80,Brandon
2016-03-09,63907,22744,85,Norma
2016-03-09,63936,19708,90,Aaron
2016-03-09,63939,15498,65,Norma
2016-03-09,63944,39831,90,Douglas
2016-03-09,63968,95648,10,Charles
2016-03-09,63982,32920,50,Julia
2016-03-09,64066,83968,70,Julie
2016-03-09,64071,50467,95,Teresa
2016-03-09,64162,61045,20,Brian
2016-03-09,64321,41457,10,Clarence
2016-03-09,64351,63715,80,Donald
2016-03-10,64369,650,0,Kimberly
2016-03-10,64392,3162,0,Linda
2016-03-10,64438,4413,0,Marilyn
2016-03-10,64444,5478,0,Julia
2016-03-10,64477,5509,0,Kevin
2016-03-10,64501,5990,0,Paul
2016-03-10,64540,7460,0,Donna
2016-03-10,64556,7865,0,Michelle
2016-03-10,64570,7897,0,Gerald
2016-03-10,64593,7978,0,Walter
2016-03-10,64600,8150,0,Christina
2016-03-10,64704,9630,0,Marilyn
2016-03-10,64751,11209,0,Anthony
2016-03-10,64830,12371,0,Martin
2016-03-10,64852,12423,0,Paul
2016-03-10,64865,19773,0,Bobby
2016-03-10,64867,19963,0,Gerald
2016-03-10,64971,20811,0,Margaret
2016-03-10,64988,20888,0,Albert
2016-03-10,65041,21372,0,Jerry
2016-03-10,65060,22165,0,Stephen
2016-03-10,65143,22917,0,Paul
2016-03-10,65316,22949,0,Ronald
2016-03-10,65461,24095,0,Paul
2016-03-10,65572,24576,0,Steven
2016-03-10,65580,26093,0,Janet
2016-03-10,65667,26468,0,Charles
2016-03-10,65739,27064,0,Jose
2016-03-10,65740,30082,0,Sean
2016-03-10,65745,32455,0,Susan
2016-03-10,65902,33323,0,Dennis
2016-03-10,65914,33863,0,Patrick
2016-03-10,65921,34234,0,Jennifer
2016-03-10,65932,34369,0,Charles
2016-03-10,65974,36594,0,Barbara
2016-03-10,66015,37997,0,Kimberly
2016-03-10,66064,38962,0,Brian
2016-03-10,66080,41057,0,Dennis
2016-03-10,66090,42973,0,Jason
2016-03-10,66135,44791,0,Barbara
2016-03-10,66136,48490,0,Judy
2016-03-10,66207,49340,0,Karen
2016-03-10,66241,51132,0,Harold
2016-03-10,66297,51548,0,Bobby
2016-03-10,66303,53342,0,Carolyn
2016-03-10,66383,54113,0,Paula
2016-03-10,66389,54408,0,Thomas
2016-03-10,66417,55374,0,Teresa
2016-03-10,66419,56707,0,Jose
2016-03-10,66437,56978,0,Melissa
2016-03-10,66454,59818,0,Virginia
2016-03-10,66494,60355,0,Shirley
2016-03-10,66539,62333,0,Earl
2016-03-10,66542,67479,0,Roy
2016-03-10,66616,69799,0,Paula
2016-03-10,66682,70302,0,George
2016-03-10,66683,71848,0,Frank
2016-03-10,66812,73849,0,Eugene
2016-03-10,66851,76080,0,Barbara
2016-03-10,66887,77963,0,Michelle
2016-03-10,66935,79449,0,Kathryn
2016-03-10,67026,80214,0,Nicholas
2016-03-10,67120,83245,0,Steve
2016-03-10,67121,87802,0,Gregory
2016-03-10,67147,10068,85,Matthew
2016-03-10,67161,7336,90,Joyce
2016-03-10,67186,2820,20,Amy
2016-03-10,67280,64823,35,Bruce
2016-03-10,67310,69030,95,Carl
2016-03-10,67357,46977,0,Russell
2016-03-10,67374,83987,0,Jerry
2016-03-10,67409,1433,85,Todd
2016-03-10,67426,70115,15,Stephen
2016-03-10,67482,86845,50,Wayne
2016-03-10,67586,16530,35,Alan
2016-03-10,67603,75908,30,Rebecca
2016-03-10,67642,19540,80,Christine
2016-03-10,67702,40266,70,Dennis
2016-03-10,67718,72237,20,Brandon
2016-03-10,67890,21973,70,Albert
2016-03-10,67894,54899,45,Amy
2016-03-10,67936,24725,35,Jennifer
2016-03-10,67987,54807,20,Daniel
2016-03-10,68018,2697,70,Earl
2016-03-10,68023,51572,50,Deborah
2016-03-10,68034,50385,80,Steve
2016-03-10,68145,93764,55,Dennis
2016-03-10,68147,22013,70,James
2016-03-10,68226,64716,95,Mark
2016-03-10,68233,75019,80,Catherine
2016-03-10,68313,94671,90,Clarence
2016-03-10,68315,75635,40,Eric
2016-03-10,68401,19552,60,Lillian
2016-03-10,68452,66648,15,Virginia
2016-03-10,68454,47174,75,Marie
2016-03-10,68473,75908,70,Rebecca
2016-03-10,68478,43192,15,Bobby
2016-03-10,68480,81064,90,Albert
2016-03-10,68483,43192,70,Bobby
2016-03-10,68604,6259,75,Kelly
2016-03-10,68663,54967,5,Kenneth
2016-03-10,68693,15039,85,Ann
2016-03-10,68741,66648,25,Virginia
2016-03-10,68850,95934,75,Christine
2016-03-10,68853,30845,70,Julia
2016-03-10,68870,20574,40,Clarence
2016-03-10,68982,27050,20,Keith
2016-03-10,69044,51572,25,Deborah
2016-03-10,69049,80648,55,Michael
2016-03-10,69051,8894,65,Joseph
2016-03-10,69112,41708,55,Amy
2016-03-10,69129,21219,60,Arthur
2016-03-11,69174,650,0,Kimberly
2016-03-11,69253,3162,0,Linda
2016-03-11,69255,4413,0,Marilyn
2016-03-11,69315,5478,0,Julia
2016-03-11,69332,5509,0,Kevin
2016-03-11,69389,5990,0,Paul
2016-03-11,69410,7460,0,Donna
2016-03-11,69511,7865,0,Michelle
2016-03-11,69516,7897,0,Gerald
2016-03-11,69553,7978,0,Walter
2016-03-11,69567,8150,0,Christina
2016-03-11,69590,9630,0,Marilyn
2016-03-11,69614,11209,0,Anthony
2016-03-11,69622,12371,0,Martin
2016-03-11,69636,12423,0,Paul
2016-03-11,69664,19773,0,Bobby
2016-03-11,69703,19963,0,Gerald
2016-03-11,69836,20811,0,Margaret
2016-03-11,69847,20888,0,Albert
2016-03-11,69866,21372,0,Jerry
2016-03-11,69942,22165,0,Stephen
2016-03-11,70012,22917,0,Paul
2016-03-11,70026,22949,0,Ronald
2016-03-11,70103,24095,0,Paul
2016-03-11,70114,24576,0,Steven
2016-03-11,70163,26093,0,Janet
2016-03-11,70241,26468,0,Charles
2016-03-11,70271,27064,0,Jose
2016-03-11,70359,30082,0,Sean
2016-03-11,70373,32455,0,Susan
2016-03-11,70404,33323,0,Dennis
2016-03-11,70513,33863,0,Patrick
2016-03-11,70549,34234,0,Jennifer
2016-03-11,70641,34369,0,Charles
2016-03-11,70649,36594,0,Barbara
2016-03-11,70871,37997,0,Kimberly
2016-03-11,70880,38962,0,Brian
2016-03-11,70893,54967,60,Kenneth
2016-03-11,70909,91095,80,Doris
2016-03-11,70929,74486,25,Frances
2016-03-11,70940,6259,75,Kelly
2016-03-11,70944,56909,35,Arthur
2016-03-11,70994,84307,95,Evelyn
2016-03-11,71040,97530,70,Amy
2016-03-11,71067,90531,40,Jack
2016-03-11,71115,21219,5,Arthur
2016-03-11,71118,23101,80,Sandra
2016-03-11,71130,23177,25,Helen
2016-03-11,71141,60517,15,Martha
2016-03-11,71146,37187,0,John
2016-03-11,71228,81064,35,Albert
2016-03-11,71311,66702,80,Nicholas
2016-03-11,71340,62078,55,Lillian
2016-03-11,71345,98727,95,Carol
2016-03-11,71357,74763,85,Jessica
2016-03-11,71360,47559,35,Kenneth
2016-03-11,71363,68845,75,Harry
2016-03-11,71368,94671,70,Clarence
2016-03-11,71432,30073,65,Harry
2016-03-11,71499,66014,95,Anna
2016-03-11,71523,14737,10,Willie
2016-03-11,71577,75233,65,Pamela
2016-03-11,71624,47559,100,Kenneth
2016-03-11,71645,91095,45,Doris
2016-03-11,71681,50874,40,Bruce
2016-03-11,71695,9643,50,Lori
2016-03-11,71699,65113,55,Lawrence
2016-03-11,71702,61280,15,Philip
2016-03-11,71721,86429,20,Kathleen
2016-03-11,71777,70115,65,Stephen
2016-03-11,71798,93764,15,Dennis
2016-03-11,71863,44690,5,Christina
2016-03-11,71907,71152,85,Paula
2016-03-11,71925,77184,95,Susan
2016-03-11,72032,92239,85,Shirley
2016-03-11,72046,39434,10,Rebecca
2016-03-11,72126,73716,15,Bobby
2016-03-11,72146,91573,10,Cynthia
2016-03-11,72244,41708,100,Amy
2016-03-11,72303,39434,5,Rebecca
2016-03-11,72316,47174,60,Marie
2016-03-11,72340,50385,55,Steve
2016-03-11,72342,65716,40,Sarah
2016-03-11,72381,59761,5,Rachel
2016-03-11,72445,40827,0,Douglas
2016-03-11,72488,12707,100,Antonio
2016-03-11,72500,98727,15,Carol
2016-03-11,72520,8878,65,Elizabeth
2016-03-11,72563,92239,75,Shirley
2016-03-11,72574,3178,85,Melissa
2016-03-11,72687,2764,90,Robert
2016-03-11,72694,83968,85,Julie
2016-03-11,72729,22510,45,Joshua
2016-03-11,72781,6508,85,Gloria
2016-03-11,72782,80902,50,Julia
2016-03-11,72863,31221,100,Susan
2016-03-11,73080,10629,45,John
2016-03-11,73112,94671,70,Clarence
2016-03-11,73146,95934,30,Christine
2016-03-11,73252,60516,60,Martin
2016-03-11,73302,44214,90,Dorothy
2016-03-11,73374,97336,85,Lawrence
2016-03-11,73386,59792,20,Janet
2016-03-11,73410,12852,10,Diana
2016-03-11,73569,61045,100,Brian
2016-03-11,73570,99169,90,Nancy
2016-03-11,73595,44690,100,Christina
2016-03-11,73618,41708,55,Amy
2016-03-11,73635,3178,90,Melissa
2016-03-11,73748,54045,15,Catherine
2016-03-11,73780,60516,90,Martin
2016-03-11,73794,87277,25,Jimmy
2016-03-11,73869,86173,30,Janet
2016-03-11,73988,16363,40,Charles
2016-03-11,74055,18497,90,Jesse
2016-03-11,74182,63715,100,Donald
2016-03-11,74214,25398,60,Shirley
2016-03-11,74302,13901,40,Evelyn
2016-03-11,74368,78143,20,Diana
2016-03-11,74398,95647,70,George
2016-03-11,74408,64790,40,Dorothy
2016-03-11,74425,24725,80,Jennifer
2016-03-11,74451,79658,5,Tina
2016-03-11,74517,15054,20,Emily
2016-03-11,74567,64609,55,Frances
2016-03-11,74591,13901,75,Evelyn
2016-03-11,74642,6340,60,Ralph
2016-03-11,74745,34794,95,Jimmy
2016-03-12,74780,650,0,Kimberly
2016-03-12,74792,3162,0,Linda
2016-03-12,74810,4413,0,Marilyn
2016-03-12,74969,5478,0,Julia
2016-03-12,75010,5509,0,Kevin
2016-03-12,75067,5990,0,Paul
2016-03-12,75109,7460,0,Donna
2016-03-12,75135,7865,0,Michelle
2016-03-12,75155,7897,0,Gerald
2016-03-12,75308,7978,0,Walter
2016-03-12,75368,8150,0,Christina
2016-03-12,75437,9630,0,Marilyn
2016-03-12,75453,11209,0,Anthony
2016-03-12,75502,12371,0,Martin
2016-03-12,75541,12423,0,Paul
2016-03-12,75546,19773,0,Bobby
2016-03-12,75579,19963,0,Gerald
2016-03-12,75638,20811,0,Margaret
2016-03-12,75643,20888,0,Albert
2016-03-12,75646,21372,0,Jerry
2016-03-12,75653,22165,0,Stephen
2016-03-12,75709,22917,0,Paul
2016-03-12,75742,22949,0,Ronald
2016-03-12,75773,24095,0,Paul
2016-03-12,75815,24576,0,Steven
2016-03-12,76061,26093,0,Janet
2016-03-12,76076,26468,0,Charles
2016-03-12,76123,27064,0,Jose
2016-03-12,76153,30082,0,Sean
2016-03-12,76193,32455,0,Susan
2016-03-12,76312,33323,0,Dennis
2016-03-12,76361,33863,0,Patrick
2016-03-12,76381,34234,0,Jennifer
2016-03-12,76402,34369,0,Charles
2016-03-12,76455,36594,0,Barbara
2016-03-12,76473,37997,0,Kimberly
2016-03-12,76486,38962,0,Brian
2016-03-12,76515,41057,0,Dennis
2016-03-12,76544,42973,0,Jason
2016-03-12,76564,44791,0,Barbara
2016-03-12,76632,48490,0,Judy
2016-03-12,76635,49340,0,Karen
2016-03-12,76668,51132,0,Harold
2016-03-12,76727,51548,0,Bobby
2016-03-12,76765,53342,0,Carolyn
2016-03-12,76852,54113,0,Paula
2016-03-12,76858,54408,0,Thomas
2016-03-12,76859,55374,0,Teresa
2016-03-12,76874,56707,0,Jose
2016-03-12,76894,56978,0,Melissa
2016-03-12,77014,59818,0,Virginia
2016-03-12,77133,60355,0,Shirley
2016-03-12,77136,62333,0,Earl
2016-03-12,77265,67479,0,Roy
2016-03-12,77297,69799,0,Paula
2016-03-12,77336,70302,0,George
2016-03-12,77436,71848,0,Frank
2016-03-12,77470,98835,45,Gary
2016-03-12,77528,3124,80,Joe
2016-03-12,77573,75908,50,Rebecca
2016-03-12,77675,70115,95,Stephen
2016-03-12,77785,35116,85,Craig
2016-03-12,77798,83643,30,Earl
2016-03-12,77803,19552,50,Lillian
2016-03-12,77809,98727,0,Carol
2016-03-12,77855,68435,0,Thomas
2016-03-12,77929,96017,70,Carlos
2016-03-12,77985,73716,45,Bobby
2016-03-12,78081,36786,25,Maria
2016-03-12,78083,75019,95,Catherine
2016-03-12,78150,54967,0,Kenneth
2016-03-12,78287,88642,60,Anna
2016-03-12,78298,50467,55,Teresa
2016-03-12,78303,13901,70,Evelyn
2016-03-12,78326,86429,15,Kathleen
2016-03-12,78398,61045,50,Brian
2016-03-12,78402,83968,75,Julie
2016-03-12,78473,97530,75,Amy
2016-03-12,78621,64790,40,Dorothy
2016-03-12,78684,93764,15,Dennis
2016-03-12,78782,29047,85,Gerald
2016-03-12,78805,18497,55,Jesse
2016-03-12,78811,18497,55,Jesse
2016-03-12,79011,65554,10,Randy
2016-03-12,79090,54967,0,Kenneth
2016-03-12,79225,83376,20,Walter
2016-03-12,79442,93308,0,Amy
2016-03-12,79621,79278,45,Phyllis
2016-03-12,79624,75019,15,Catherine
2016-03-12,80062,61793,0,Mark
2016-03-12,80068,93361,70,Louis
2016-03-12,80082,23101,75,Sandra
2016-03-12,80122,16747,55,Anna
2016-03-12,80172,533,75,Patrick
2016-03-12,80175,73470,75,Paul
2016-03-12,80206,18105,35,Roy
2016-03-12,80253,58932,95,Nicole
2016-03-12,80293,93664,35,Keith
2016-03-12,80324,61816,85,Kenneth
2016-03-12,80329,54967,15,Kenneth
2016-03-12,80347,48592,80,Arthur
2016-03-12,80407,6340,15,Ralph
2016-03-12,80429,77184,55,Susan
2016-03-12,80496,61045,65,Brian
2016-03-12,80498,79658,25,Tina
2016-03-12,80503,37187,100,John
2016-03-12,80598,64823,45,Bruce
2016-03-12,80628,98727,40,Carol
2016-03-12,80737,83376,85,Walter
2016-03-12,80807,80394,5,Nicholas
2016-03-12,80910,51572,70,Deborah
2016-03-12,80943,46082,35,Paul
2016-03-12,80958,50874,55,Bruce
2016-03-12,81022,10068,90,Matthew
2016-03-12,81128,50874,55,Bruce
2016-03-12,81132,10068,100,Matthew
2016-03-13,81311,650,0,Kimberly
2016-03-13,81320,3162,0,Linda
2016-03-13,81382,4413,0,Marilyn
2016-03-13,81447,5478,0,Julia
2016-03-13,81458,5509,0,Kevin
2016-03-13,81480,5990,0,Paul
2016-03-13,81521,7460,0,Donna
2016-03-13,81611,7865,0,Michelle
2016-03-13,81622,7897,0,Gerald
2016-03-13,81644,7978,0,Walter
2016-03-13,81760,8150,0,Christina
2016-03-13,81805,9630,0,Marilyn
2016-03-13,81815,11209,0,Anthony
2016-03-13,81842,12371,0,Martin
2016-03-13,81884,12423,0,Paul
2016-03-13,81912,19773,0,Bobby
2016-03-13,81921,19963,0,Gerald
2016-03-13,81923,20811,0,Margaret
2016-03-13,82005,20888,0,Albert
2016-03-13,82051,21372,0,Jerry
2016-03-13,82057,22165,0,Stephen
2016-03-13,82109,22917,0,Paul
2016-03-13,82215,22949,0,Ronald
2016-03-13,82357,24095,0,Paul
2016-03-13,82358,24576,0,Steven
2016-03-13,82493,26093,0,Janet
2016-03-13,82510,26468,0,Charles
2016-03-13,82537,27064,0,Jose
2016-03-13,82612,30082,0,Sean
2016-03-13,82669,32455,0,Susan
2016-03-13,82674,33323,0,Dennis
2016-03-13,82811,33863,0,Patrick
2016-03-13,82820,34234,0,Jennifer
2016-03-13,82894,34369,0,Charles
2016-03-13,82975,36594,0,Barbara
2016-03-13,83024,37997,0,Kimberly
2016-03-13,83027,38962,0,Brian
2016-03-13,83032,41057,0,Dennis
2016-03-13,83049,42973,0,Jason
2016-03-13,83070,44791,0,Barbara
2016-03-13,83095,48490,0,Judy
2016-03-13,83120,49340,0,Karen
2016-03-13,83152,51132,0,Harold
2016-03-13,83166,51548,0,Bobby
2016-03-13,83180,53342,0,Carolyn
2016-03-13,83203,54113,0,Paula
2016-03-13,83266,54408,0,Thomas
2016-03-13,83317,40816,40,Sara
2016-03-13,83377,21334,40,Cynthia
2016-03-13,83463,47258,65,Richard
2016-03-13,83603,1240,70,Michael
2016-03-13,83646,68071,75,Charles
2016-03-13,83653,81242,15,Frances
2016-03-13,83710,36654,20,Mark
2016-03-13,83730,48743,90,Lori
2016-03-13,83735,26955,75,Elizabeth
2016-03-13,83793,81242,70,Frances
2016-03-13,83796,22780,65,Melissa
2016-03-13,83807,86065,70,Samuel
2016-03-13,83851,54967,0,Kenneth
2016-03-13,83874,3178,80,Melissa
2016-03-13,83910,10940,55,Martha
2016-03-13,84069,44914,65,Jose
2016-03-13,84081,66648,100,Virginia
2016-03-13,84092,81492,95,Ralph
2016-03-13,84107,53940,15,Kathy
2016-03-13,84318,53940,45,Kathy
2016-03-13,84390,73967,10,Ruby
2016-03-13,84425,27725,90,Ann
2016-03-13,84560,30073,100,Harry
2016-03-13,84689,30061,0,Julia
2016-03-13,84698,21152,60,Judy
2016-03-13,84720,22942,95,Gerald
2016-03-13,84820,78002,10,Emily
2016-03-13,84841,89457,80,Douglas
2016-03-13,84850,463,15,Frank
2016-03-13,84893,30061,65,Julia
2016-03-13,84902,90401,5,Shawn
2016-03-13,84974,94104,20,Patrick
2016-03-13,84980,78408,25,Mildred
2016-03-13,84983,22510,15,Joshua
2016-03-13,85020,89310,95,Bruce
2016-03-13,85106,95934,10,Christine
2016-03-13,85140,84254,20,Diane
2016-03-13,85147,89457,0,Douglas
2016-03-13,85168,19761,45,Christopher
2016-03-13,85175,95958,60,Linda
2016-03-13,85230,57824,20,Diana
2016-03-13,85255,92239,70,Shirley
2016-03-13,85270,64790,90,Dorothy
2016-03-13,85295,18105,65,Roy
2016-03-13,85301,60517,85,Martha
2016-03-13,85370,95648,5,Charles
2016-03-13,85376,32710,85,Shawn
2016-03-14,85386,650,0,Kimberly
2016-03-14,85477,3162,0,Linda
2016-03-14,85486,4413,0,Marilyn
2016-03-14,85534,5478,0,Julia
2016-03-14,85619,5509,0,Kevin
2016-03-14,85642,5990,0,Paul
2016-03-14,85722,7460,0,Donna
2016-03-14,86025,7865,0,Michelle
2016-03-14,86178,7897,0,Gerald
2016-03-14,86240,7978,0,Walter
2016-03-14,86258,8150,0,Christina
2016-03-14,86444,9630,0,Marilyn
2016-03-14,86506,11209,0,Anthony
2016-03-14,86528,12371,0,Martin
2016-03-14,86774,12423,0,Paul
2016-03-14,86838,19773,0,Bobby
2016-03-14,86884,19963,0,Gerald
2016-03-14,86893,20811,0,Margaret
2016-03-14,86981,20888,0,Albert
2016-03-14,87149,21372,0,Jerry
2016-03-14,87249,22165,0,Stephen
2016-03-14,87254,22917,0,Paul
2016-03-14,87294,22949,0,Ronald
2016-03-14,87315,24095,0,Paul
2016-03-14,87408,24576,0,Steven
2016-03-14,87440,26093,0,Janet
2016-03-14,87505,26468,0,Charles
2016-03-14,87511,27064,0,Jose
2016-03-14,87581,30082,0,Sean
2016-03-14,87637,32455,0,Susan
2016-03-14,87639,33323,0,Dennis
2016-03-14,87675,33863,0,Patrick
2016-03-14,87713,34234,0,Jennifer
2016-03-14,87812,34369,0,Charles
2016-03-14,87888,36594,0,Barbara
2016-03-14,87915,37997,0,Kimberly
2016-03-14,87916,38962,0,Brian
2016-03-14,87926,41057,0,Dennis
2016-03-14,88064,42973,0,Jason
2016-03-14,88069,44791,0,Barbara
2016-03-14,88105,48490,0,Judy
2016-03-14,88176,49340,0,Karen
2016-03-14,88188,51132,0,Harold
2016-03-14,88303,51548,0,Bobby
2016-03-14,88310,53342,0,Carolyn
2016-03-14,88328,54113,0,Paula
2016-03-14,88340,54408,0,Thomas
2016-03-14,88393,55374,0,Teresa
2016-03-14,88448,56707,0,Jose
2016-03-14,88528,56978,0,Melissa
2016-03-14,88540,59818,0,Virginia
2016-03-14,88546,60355,0,Shirley
2016-03-14,88581,62333,0,Earl
2016-03-14,88602,67479,0,Roy
2016-03-14,88644,69799,0,Paula
2016-03-14,88846,70302,0,George
2016-03-14,88918,71848,0,Frank
2016-03-14,88993,73849,0,Eugene
2016-03-14,89071,76080,0,Barbara
2016-03-14,89118,77963,0,Michelle
2016-03-14,89160,79449,0,Kathryn
2016-03-14,89190,80214,0,Nicholas
2016-03-14,89212,83245,0,Steve
2016-03-14,89245,83772,0,Judy
2016-03-14,89306,86195,0,Craig
2016-03-14,89322,86284,0,Howard
2016-03-14,89412,88706,0,Alan
2016-03-14,89441,89638,0,Antonio
2016-03-14,89488,90236,0,Jesse
2016-03-14,89491,91640,0,Debra
2016-03-14,89567,91744,0,Harold
2016-03-14,89604,92783,0,Justin
2016-03-14,89670,92840,0,Harold
2016-03-14,89674,93433,0,Tina
2016-03-14,89758,27789,60,Helen
2016-03-14,89764,74861,95,Fred
2016-03-14,89765,6508,50,Gloria
2016-03-14,89768,23794,90,Alan
2016-03-14,89784,13923,30,Debra
2016-03-14,89850,3124,10,Joe
2016-03-14,90036,73426,100,Edward
2016-03-14,90066,32353,5,Rose
2016-03-14,90096,54967,60,Kenneth
2016-03-14,90109,58485,75,Debra
2016-03-14,90144,32920,15,Julia
2016-03-14,90178,94083,90,Lillian
2016-03-14,90216,45630,100,Kelly
2016-03-14,90224,23755,25,Larry
2016-03-14,90230,68435,50,Thomas
2016-03-14,90302,53072,15,Douglas
2016-03-14,90304,79101,20,Beverly
2016-03-14,90307,15158,65,Jonathan
2016-03-14,90323,58141,50,Nicholas
2016-03-14,90445,53940,70,Kathy
2016-03-14,90636,90612,5,Edward
2016-03-14,90691,39831,20,Douglas
2016-03-14,90702,65716,65,Sarah
2016-03-14,90775,78205,20,Jose
2016-03-14,90800,56909,40,Arthur
2016-03-14,90959,24420,15,Chris
2016-03-14,91020,94083,45,Lillian
2016-03-14,91034,80682,100,Deborah
2016-03-14,91036,59446,35,Kevin
2016-03-14,91076,44052,55,Clarence
2016-03-14,91278,14113,5,David
2016-03-14,91296,3374,60,Paula
2016-03-14,91300,74861,15,Fred
2016-03-14,91308,94251,60,Adam
2016-03-14,91449,76035,70,John
2016-03-14,91452,74021,35,Russell
2016-03-14,91453,99617,25,Mary
2016-03-14,91557,32353,15,Rose
2016-03-14,91664,74021,85,Russell
2016-03-14,91681,73695,100,Julie
2016-03-14,91724,47258,95,Richard
2016-03-14,91736,33142,60,Linda
2016-03-14,91738,46870,80,Christine
2016-03-14,91904,13923,90,Debra
2016-03-14,91909,18892,70,Joyce
2016-03-14,91927,10144,55,Jesse
2016-03-14,91939,50385,85,Steve
2016-03-14,91964,22750,85,Mildred
2016-03-14,92090,54045,85,Catherine
2016-03-14,92157,1240,100,Michael
2016-03-14,92286,30933,80,Marilyn
2016-03-14,92306,34294,20,Lillian
2016-03-14,92340,597,65,Lisa
2016-03-14,92392,31247,70,Judith
2016-03-14,92417,74763,10,Jessica
2016-03-14,92475,55050,90,Jerry
2016-03-14,92559,74861,95,Fred
2016-03-14,92567,10068,85,Matthew
2016-03-14,92605,40816,55,Sara
2016-03-14,92642,24420,5,Chris
2016-03-14,92740,42368,90,Scott
2016-03-14,92752,31618,30,Sara
2016-03-14,92844,3018,35,Maria
2016-03-14,92892,87802,70,Gregory
2016-03-14,92893,57572,95,Margaret
2016-03-14,92914,36562,60,Mark
2016-03-14,92923,58891,15,David
2016-03-14,92950,31454,80,Jane
2016-03-14,92964,34294,60,Lillian
2016-03-14,93010,86429,10,Kathleen
2016-03-14,93038,47258,20,Richard
2016-03-14,93129,35116,55,Craig
2016-03-14,93142,44217,80,Sharon
2016-03-14,93177,32353,20,Rose
2016-03-14,93264,32710,90,Shawn
2016-03-14,93281,18199,20,Diana
2016-03-14,93318,65716,10,Sarah
2016-03-14,93329,41618,40,Steve
2016-03-14,93378,61816,90,Kenneth
2016-03-14,93506,86173,25,Janet
2016-03-14,93518,463,35,Frank
2016-03-14,93560,80094,100,Anne
2016-03-14,93609,79136,15,Jennifer
2016-03-15,93657,650,0,Kimberly
2016-03-15,93753,3162,0,Linda
2016-03-15,93780,4413,0,Marilyn
2016-03-15,93943,5478,0,Julia
2016-03-15,93963,5509,0,Kevin
2016-03-15,93992,5990,0,Paul
2016-03-15,94006,7460,0,Donna
2016-03-15,94038,7865,0,Michelle
2016-03-15,94050,7897,0,Gerald
2016-03-15,94056,7978,0,Walter
2016-03-15,94108,8150,0,Christina
2016-03-15,94137,9630,0,Marilyn
2016-03-15,94339,11209,0,Anthony
2016-03-15,94357,12371,0,Martin
2016-03-15,94359,12423,0,Paul
2016-03-15,94461,19773,0,Bobby
2016-03-15,94465,19963,0,Gerald
2016-03-15,94484,20811,0,Margaret
2016-03-15,94507,20888,0,Albert
2016-03-15,94791,21372,0,Jerry
2016-03-15,94810,22165,0,Stephen
2016-03-15,94824,22917,0,Paul
2016-03-15,94893,22949,0,Ronald
2016-03-15,94921,24095,0,Paul
2016-03-15,94953,24576,0,Steven
2016-03-15,95011,26093,0,Janet
2016-03-15,95089,26468,0,Charles
2016-03-15,95144,27064,0,Jose
2016-03-15,95200,30082,0,Sean
2016-03-15,95232,32455,0,Susan
2016-03-15,95467,33323,0,Dennis
2016-03-15,95690,33863,0,Patrick
2016-03-15,95800,34234,0,Jennifer
2016-03-15,95818,34369,0,Charles
2016-03-15,95848,36594,0,Barbara
2016-03-15,95870,37997,0,Kimberly
2016-03-15,95950,38962,0,Brian
2016-03-15,95951,41057,0,Dennis
2016-03-15,95999,42973,0,Jason
2016-03-15,96157,44791,0,Barbara
2016-03-15,96199,48490,0,Judy
2016-03-15,96242,49340,0,Karen
2016-03-15,96333,51132,0,Harold
2016-03-15,96360,51548,0,Bobby
2016-03-15,96372,53342,0,Carolyn
2016-03-15,96437,54113,0,Paula
2016-03-15,96439,54408,0,Thomas
2016-03-15,96441,55374,0,Teresa
2016-03-15,96444,56707,0,Jose
2016-03-15,96484,56978,0,Melissa
2016-03-15,96577,59818,0,Virginia
2016-03-15,96588,60355,0,Shirley
2016-03-15,96611,62333,0,Earl
2016-03-15,96612,67479,0,Roy
2016-03-15,96652,69799,0,Paula
2016-03-15,96757,70302,0,George
2016-03-15,96775,71848,0,Frank
2016-03-15,96805,73849,0,Eugene
2016-03-15,96865,76080,0,Barbara
2016-03-15,96904,77963,0,Michelle
2016-03-15,96913,79449,0,Kathryn
2016-03-15,96970,80214,0,Nicholas
2016-03-15,96977,83245,0,Steve
2016-03-15,96979,83772,0,Judy
2016-03-15,97002,86195,0,Craig
2016-03-15,97044,86284,0,Howard
2016-03-15,97061,88706,0,Alan
2016-03-15,97298,89638,0,Antonio
2016-03-15,97437,90236,0,Jesse
2016-03-15,97545,91640,0,Debra
2016-03-15,97559,91744,0,Harold
2016-03-15,97637,92783,0,Justin
2016-03-15,97727,92840,0,Harold
2016-03-15,97793,72237,75,Brandon
2016-03-15,97864,8871,50,Brandon
2016-03-15,97877,31822,25,Denise
2016-03-15,97907,90401,35,Shawn
2016-03-15,97911,39857,0,Philip
2016-03-15,97912,15498,25,Norma
2016-03-15,97938,41336,40,Ernest
2016-03-15,98019,61280,40,Philip
2016-03-15,98107,27789,75,Helen
2016-03-15,98112,23794,50,Alan
2016-03-15,98167,80648,35,Michael
2016-03-15,98182,41618,85,Steve
2016-03-15,98279,77184,10,Susan
2016-03-15,98281,71152,15,Paula
2016-03-15,98345,98835,65,Gary
2016-03-15,98362,79101,100,Beverly
2016-03-15,98395,91573,70,Cynthia
2016-03-15,98545,15158,95,Jonathan
2016-03-15,98635,19708,15,Aaron
2016-03-15,98648,12856,25,John
2016-03-15,98729,75908,45,Rebecca
2016-03-15,98803,72237,50,Brandon
2016-03-15,98813,65875,40,Carolyn
2016-03-15,98816,90531,100,Jack
2016-03-15,98859,68071,60,Charles
2016-03-15,98861,53808,40,Janet
2016-03-15,98959,40093,0,Lori
2016-03-15,99025,80648,100,Michael
2016-03-15,99043,27789,0,Helen
2016-03-15,99068,433,70,Angela
2016-03-15,99110,87277,35,Jimmy
2016-03-15,99159,25398,70,Shirley
2016-03-15,99161,19761,0,Christopher
2016-03-15,99198,59446,90,Kevin
2016-03-15,99199,22744,30,Norma
2016-03-15,99295,37187,90,John
2016-03-15,99315,95648,10,Charles
2016-03-15,99511,96104,100,Emily
2016-03-15,99578,39831,0,Douglas
2016-03-15,99598,7336,30,Joyce
2016-03-15,99600,19516,75,Brian
2016-03-15,99634,26023,0,Jeffrey
2016-03-15,99741,41558,100,Diana
2016-03-15,99769,87555,5,Jerry
2016-03-15,99825,57448,5,Earl
2016-03-15,99926,87802,100,Gregory
2016-03-15,99951,53295,45,Brian